sentence,topic
"수업내용은 공공재가 포함된 최적화된 자원의 배분, 학부생 수준의 여러 보험관련 모델과 최적화된 조세설정에 대하여 알려주신다.",수업 내용
개인발표 한 번 있는데 부담되지 않는 정도입니다.,로드
"교수님께서 교육에 열정도 넘치시고, 젊으신만큼 에너지도 넘치셔서 수업 텐션도 상당히 높으십니다.",교수님 강의스타일 및 강의력
그래도 기말 난이도는 꽤 있는 편이었고 extra credit을 위한 Self QnA 덕분에 많은 것을 배울 수 있었던 것 같아요.,시험 출제 스타일
기말 조금만 잘 봤어도 에이쁠 나왔을 것 같아서 아쉽긴 하지만 이것도 엄청 후하게 주신 거니까 그저 감사합니다…,학점
정말 재정학을 쉽게 공부할 수 있고 기본 베이스 탄탄하면 충분히 따라갈 수 있는 수업.,수업 내용
그리고 과제가 귀찮고 양만 많은 과제입니다.,로드
경우리 그저 빛 일단 강의력 너무 좋으심.,교수님 강의스타일 및 강의력
"기출연계 많이 되지만, 기출에서 나왔던 개념의 다른 부분이 출재 될 수 있다.",시험 출제 스타일
근데 학점은 잘 주시는 듯ㅠㅠ,학점
"최적화와 미방정차방정식에 대해 잘 배울 수 있었고 거경동,금계 듣기전에 들으면 좋을 것 같습니다",수업 내용
부담이 안 가는 수업이 하나 있어서 편안한 한 학기 보냈습니다,로드
"국강은 머릿속으로 하고 싶은 말을 잘 전달하시는데, 영강 듣는 친구는 교수님께서 영어로는 하고 싶은 말을 100% 전달하시지 못하셔서 답답한 면이 있는 것 같다고 함.",교수님 강의스타일 및 강의력
채점 기준도 잘 모르겠음,시험 출제 스타일
학점도 잘 주시는듯?,학점
그리스비극 작품에 따라 몇 가지 주제를 제시해주시고 이에 대해 이야기를 나누며 그리스 희곡에 대한 폭 넓은 이해를 가질 수 있는 수업.,수업 내용
그러니 방학때 예습을 해놓으시면 수강이 훨씬 편할 것 같습니다.,로드
강의력은 기대하지 마세요.....,교수님 강의스타일 및 강의력
채점기준이 뭔지도 모르겠고.,시험 출제 스타일
학점도 잘 주시는 듯 합니다,학점
"선형대수 후반부에 쓰이는 least-square method를 적용하는 것이 핵심요소 중 하나이며 CLT, pdf와 같은 기본적인 통계적 지식, 그중에서도 df(자유도)에 대한 이해, error항을 확률변수로 놓을 수 있는 이유에 대한 공부를 합니다.",수업 내용
전 결과적으론 적당히 보람있게 배우고 학기 내에는 큰 부담 없이 편하게 수업들었다고 생각합니다.,로드
일단 교수님께서 수업에 대한 열정이 넘치십니다.,교수님 강의스타일 및 강의력
논술형 채점 기준은 모르겠습니다.,시험 출제 스타일
학점은 잘 주시는듯.,학점
"금공준비할 서람들한텐 한학기 빡세도 유게량보단 정계량 듣는거 ㅊㅊ 개강과동시에 계량기초부분 예습을 조금 해가서(공식 외우기 등등), 수업을 들으면서 그것들에 대한 직관을 얻을 수 있었음.",수업 내용
할 게 적진 않지만 학기중 가장 마음이 편했던 수업...,로드
그러나 그만큼 배워갈 점도 많고 교수님께서 상당히 수업에 열정적이십니다.,교수님 강의스타일 및 강의력
하지만 문제는 채점기준을 모르겠다는거..,시험 출제 스타일
학점은 잘 주시는 편.,학점
근데 프셋풀려면 따로 많이 공부하시는걸 추천 유튜브 챙 설명해주는거 미리 보고 교수님 강의들으시면 시너지 좋은듯 중간은 평균보다 20점 높고 기말은 딱 평균인데 에제받음,수업 내용
한학기동안 너무 편하게 들었던 수업.,로드
교수님도 열정 가득하시고요,교수님 강의스타일 및 강의력
채점 기준을 도무지 모르겠습니다....,시험 출제 스타일
사실 학점도 잘 주시는 편입니다.,학점
거경동보다 모형을 직관적으로 쉽게쉽게 잘 가르쳐주셔서 거경동 듣기 전에 들으면 좋긴 함.,수업 내용
한 학기동안 부담도 별로 없었고 학점도 잘 받았네요!,로드
"교수님 강의력 정말 좋으시고요, 굉장히 열정 넘치십니다.",교수님 강의스타일 및 강의력
다만 시험 평가 기준을 모르겠습니다ㅠㅠ,시험 출제 스타일
학점도 잘 주시는 듯 합니다.,학점
"인간적으로 젠틀하신 분이라는 느낌을 받았다 3. 개인적인 추천 사환시는 공수4의 후반 내용이 통계 부분이라 겹친다는 느낌을 받을 수 있으나 중간 이후에 통계 부분 배우는 거라 개인적으로 선형대수, 통계방법론을 선수과목으로 수강하다면 과할 수도 있지만 측량학이 재밌게 와닿을 것이다",수업 내용
시험기간에 공부량도 확실히 적어서 편하고 수업 아프거나 사정이 있어서 못들으면 줌도 열어주고 과제 좀 귀찮긴 한데 어짜피 1시간 밖에 안걸리고 배우는 것도 좀 있고 교수님도 착하시고 무엇보다 학점 개 잘줌 출첵은 따로 안해서 만약에 친구 있으면 굳이 갈 필요는 없을듯 한 학기 덕분에 행복했습니다,로드
교수님이 일단 굉장히 열정이 넘치는 분이시다.,교수님 강의스타일 및 강의력
시험은 약간 지엽적이지만 족보 타서 족보만 구하면 무리없으실 것 같아요,시험 출제 스타일
학점은 잘주시는것 같아요,학점
"수학을 어려워하기도 하고 선형대수를 아직 듣지 않아서 많은 어려움이 있었지만 선형대수를 어느 정도 배우고 이 수업을 듣는다면 미분방정식, 최적화 에 대해 많은 공부 될 것 같습니다.",수업 내용
부담이 없는 수업이어서 너무 좋았다.,로드
교수님도 젊으시고 열정적이셔서 한 학기동안 많은 걸 배우실 수 있어요!!,교수님 강의스타일 및 강의력
평가 기준을 모르겠어요,시험 출제 스타일
학점은 잘 주시는 것 같아요,학점
"통입 기본적인 내용들 옅게라도 기억하신다면 수업내용은 무척 쉬워지며, 그렇지않더라도 따라오는데 전혀 지장없습니다.",수업 내용
덕분에 부담없이 한 학기 보낸 것 같아요!,로드
교수님 열정이 넘치셔서 수업 정말 열심히 해주심,교수님 강의스타일 및 강의력
시험은 중간 기말 한번씩 보는데 공부하는 양도 많지않고 본인 생각 밝히는 서술형 문제가 배점이 큰편이라 크게 부담스럽지 않습니다.,시험 출제 스타일
학점은 잘 주시는듯 함!,학점
"내용이 어려운 건 아닌데, 기본 배경으로 수리통계학은 꼭 듣고 오면 좋을 듯.",수업 내용
교수님 인간적으로 좋으신분 같고 수업도 부담 없어서 한 학기 편했습니다,로드
교수님이 수업에 대한 열정이 대단하십니다.,교수님 강의스타일 및 강의력
배워가는 것도 많았고 테스트 만드는 건 살짝 귀찮았지만.. 성적도 잘 주시는 것 같아요,시험 출제 스타일
그리고 학점도 나름 잘주는듯?,학점
"강의력도 무난하시고, 개념증명도 꼼꼼히 해주셔서 나중에 수치해석을 배우기전에 선대를 한번 정리하기에 좋습니다.",수업 내용
"이때까지 들은 수업 중 가장 부담이 없는 수업 출석만 잘하면 패스보장 패논패 수업이라 부담이 적고, 교수님도 좋으십니다.",로드
교수님도 열정 넘치심.,교수님 강의스타일 및 강의력
시험은 두번 보는데 그렇게 어려운 난이도는 아니지만 과제로는 계산 문제를 풀어오는것이 많았다면 시험은 계산문제는 거의 없고 설명하시오가 많으니 교수님 필기 및 책을 잘 보는게 좋을것같다.,시험 출제 스타일
"과제가 너무 많아,시험이 어려워요,성적은 진짜 깐깐해 1. 족보를 타는 거라고 말하긴 애매하지만 그래도 있으면 매우 도움 됨 2. 은근 챙겨야 할 과제(약 레포트 3개, 심리 실험, 매주 퀴즈)들이 있어 귀찮은 부분이 있지만 적당한 성의를 보인다면 감점 안하시는 듯 3. 수업시간에서 말씀하신 내용이 시험에 치명적인 포인트로 나오지는 않는 듯, 적당히 라디오 듣는 느낌으로 들어도 좋음",학점
"이 수업은 서비스의 정보구조, 작동 알고리즘, 서비스 타켓 구체화 같은 걸 가르쳐요.",수업 내용
그래도 한학기 내내 짧게 수업하고 수업시간에 수업 안들어도 괜찮아서 좋았다.,로드
교수님은 열정적이고 좋으신데 수업 시간도 풀로 꽉곽 채우시고 수업 내에서도 여러 주제를 다뤄서 조금만 밀려도 따라가기 벅찹니다.,교수님 강의스타일 및 강의력
"2. 시험 족보가 완전 똑같이 나오는 건 아니지만 몇 문제가 반복되는 것이 있으며, 정확히 똑같은 사례는 아니더라도 강조하여 출제하시는 이론들이 있기 때문에 족보를 보는 것을 추천드립니다.",시험 출제 스타일
학점도 잘 주시는 편이라..,학점
계면에 관한 기본 이론부터 시작해서 증착 소결 상변태 파괴 pn접합 등 계면이 포함되는 내용들을 간단히 배우고 실제 연구내용들을 소개해주는 수업 1학기 재료역학이랑 겹치는 부분도 있어서 역학 들었으면 조금 편했을 수도 있을듯 영어강의가 아니었으면 더할나위없이 좋았겠지만 그래도 좋은 수업 질문하면 정말 잘 답변해주셔서 궁금한 부분 해결하는데 어려움은 없음 배워가는건 많은데 학점은 비율 채워서 주십니다.,수업 내용
"수업에 대한 부담이 없고, 기말도 과제 대체라 너무 좋았어요",로드
배우는 내용도 흥미롭고 교수님께서도 열정적이십니다.,교수님 강의스타일 및 강의력
시험 포맷은 전 해와도 다르기 때문에 그냥 참고하시고ㅎㅎ수업은 부담 없고 그냥 적당히 듣다가 좀더 설명하시는 부분 위주로 공부하시면 큰 무리는 없을 겁니다,시험 출제 스타일
"여하튼, 학점은 잘 주시는 편인거 같다.",학점
"중간 이후 부터 분산분석 배우는데 뭔가 새롭고 공식도 많아서 살짝 멘붕왔는데 교수님이 강의 잘하시고, 예제 풀어주시고, R 도 알려주셔서 잘 따라갈 수 있었음.",수업 내용
그래도 부담없는 수업이었음,로드
또 교수님이 열정적이십니다,교수님 강의스타일 및 강의력
"옆 분반은 시험을 안보지만 그래서 조금만 삐긋해도 성적이 확 내려갈 것 같아서 신청한 분반 과제는 밑에 쓰여진 악명보다는 괜찮았고, 시험은 아무리 햇갈리게 내시더라도 어짜피 평균은 낮기 때문에 ㄱㅊㄱㅊ 시험 볼때 전공책 다 읽지말고 중요하다고 강조해주시는거 위주로 보길 과제: 과제 명세가 친절하지는 않으나 채점을 빡세게 하지 않기에 나와있는 기능만 구현하면 만점이다.",시험 출제 스타일
학점은 잘 주시는편 같네요,학점
개념을 충분히 이해하고 예제와 증명을 달달 외우면 수학과 해석학중 가장 A받기 쉬운 수업이다.,수업 내용
근데 솔직히 A0만 받아도 된다 하시는 분이라면 수업이나 평소나 부담 없어서 마음만은 너무 편한 수업 ㅎㅎ 생각보다 괜찮은 강의였어요!,로드
교수님이 열정이많으십니다,교수님 강의스타일 및 강의력
이론 문제만 나와서 내신처럼 좀 빡세게 암기해야하는 측면이 있지만 A4 반페이지 cheat sheet 작성이 가능해서 헷갈리는 거만 여기에 적으면 시험보는데는 어려움이 많진 않을 거에요.,시험 출제 스타일
학점은 잘 주시는 거 같아요,학점
그래도 절대적으로 보면 난이도가 그렇게 어려운 편은 아니라서 푸는 방법 익혀두시고 경제적 의의 정도만 챙겨두시면 나중에 거경동 들으실 때나 한은 준비하실 때 도움이 많이 되실거라 생각합니다.,수업 내용
"강의만 잘 들으면 할 것도 거의 없고, 한학기 내내 너무 편안하게 잘 들었습니다",로드
수업에 열정이 가득하시다.,교수님 강의스타일 및 강의력
에제 이상 노릴거면 강의 필기를 자세히 잘 해두는게 좋다 과제는 없다고 보아도 무방 중간 시험: 족보대로만 나옴 이정도면 충분하겠지 답 냈는데 오픈북 족보시험이라 채점 기준이 깐깐해서 얻어 맞음 기말 시험: 이런 것까지 설명해?,시험 출제 스타일
학점은 잘 주시는 편인 것 같아요,학점
"수업시간에는 라그랑지안 식 세워서 일계조건 도출 후 균형조건 구하는 기초적인 과정 하나하나 다 보여주시고 모형의 의의 위주로 쉽게쉽게 설명해주시는데, 동태거시를 처음 접하시는 분이면 과제나 시험이 살짝 어려울 수 있겠다는 생각이 들긴 했습니다.",수업 내용
이번 학기 수강했는데 강의 운영 깔끔하시고 부담 없다고 느꼈습니다!,로드
교수님도 열정적이셔서 배울게 많은듯.,교수님 강의스타일 및 강의력
"예제가 별로 없는데 시험은 굳이 따로 문제를 더 찾아볼 정도는 아니고 개념 이해가 중요함 내용도 어렵고 매트랩 과제도 진짜 어렵지만, 시험은 피피티 내용만 보면 되는 정도여서 괜찮았습니다.",시험 출제 스타일
학점도 잘 주시는 편인 것 같습니다,학점
큰 부담없이 원론수준의 지식을 습득하는 데 좋은 강의.,수업 내용
한학기 재밌게 들었다 널널한건 사실이지만 좋은 수업이었습니다.,로드
또 교수님 영어발음이 좋은 편은 아니시고 영어로 말씀할 때 자주 더듬으셔서 알아듣기 힘들때가 종종 있는데 뭐 한국어로 다시 설명해주시니까 나는 솔직히 상관 없었는데 외국인 학생 입장에서는 조금 힘들 수도 있겠다 라는 생각도 들긴 함.,교수님 강의스타일 및 강의력
"시험범위가 그렇게 많지 않아서 큰 부담은 없고, 연습문제 푸는 것보단 개념을 정확하게 아는게 중요하다.",시험 출제 스타일
학점은 잘 주시는 것 같음.,학점
기본적으로 선형대수를 계산을 위해 배운다고 하시는 말씀처럼 계산을 효율적으로 절 해내기만 하면 된다.,수업 내용
이게 교양이지 ㄹㅇ 꿀강임 학점 채우는데 이만한 강의 없음 그냥 편함 듣길추천 한학기내내 부담이 없었다,로드
"강의력은 크게 기대하지 않는게 좋습니다.,,",교수님 강의스타일 및 강의력
강의력도 좋으셔서 들으면서 이해 가능했다 시험은 족보 많이 타는 듯 그런데 족보 없이 공부해도 못할 정도는 아니라고 생각함..,시험 출제 스타일
학점도 잘 주시는 편이라고 생각합니다.,학점
동태경제학에 대해 잘 배울 수 있어 좋았던 수업(어렵긴 어렵다..각오는 하시길!),수업 내용
수업도 재밌고 과제도 부담 없었어요!!,로드
"교수님도 친절하시고, 젊은 분이라 그런지 수업 준비도 굉장히 열심히 하시는 것 같습니다.",교수님 강의스타일 및 강의력
다른 분들은 시험이 매우 지엽적이다 라고 하시는데 그러한 문제들의 비중이 크지 않아서 너무 걱정하지 않으셔도 될 거 같습니다.,시험 출제 스타일
학점도 잘 주시는 편이라고 생각한다.,학점
동태거시에서 많이 사용되는 벨만이나 해밀토니안 같은 방법론을 매우 친절하게 설명해주셔서 거경동 들으면서는 제대로 이해하지 못했던 개념들을 확실히 다질 수 있었네요.,수업 내용
덕분에 한 학기 편하게 수업 듣고 A+받아갑니다~!,로드
교수님 수업에 대한 열정이 넘치심,교수님 강의스타일 및 강의력
근데 시험도 어렵지 않게 나옴 기말고사때 뜬구름잡는 반응 문제만 빼면(강의 때 그냥 이런게 있다 정도로만 알면 된다 하셔놓고 시험에 배점 엄청 크게 냄 대부분이 이 문제 0점받음).,시험 출제 스타일
시험점수 차이도 어느정도 있지만 과제 죽 쑤면 에이 받기 힘듬 기말고사의 경우 중간과 달리 과제 예제 문제 푸는 것이 아닌 다른 문제를 내셨음,학점
"선형대수의 진수를 맛 보고 싶다면 수학과 선대1,2를 들어야 한다고 하시는데 재밌게 알려주셔서 그런지 궁금해지긴 하더라고요.",수업 내용
암튼 저는 이번학기 수업 중에서 가장 스트레스 안 받았던 수업이었습니다.,로드
아무런 정보도 없이 맨 땅에 헤딩한 사람이 몇 자 적어보자면 <장점> 1. 강의력 출중 이제껏 전선을 꽤나 들어보았지만 그 중 손에 꼽힐 정도로 강의력이 매우 훌륭하시다.,교수님 강의스타일 및 강의력
시험은 생각보단 쉽게 내시고 퀴즈는 자주보는데 그건 좀 힘들었는듯 독강이라 pset의 풀이법을 몰라서 손해좀 본듯 기학이 원래 좀 그런과목인걸 감안하면 ㄱㅊ은 수업 강의도 괜찮으신듯 함 그냥 저냥 평범한 강의 시험은 변별력없음,시험 출제 스타일
학점도 잘 주시는 것 같고요,학점
계량경제학 개념은 직관적으로 알려주셔서 수업 자체는 쉬운 편이다.,수업 내용
"한 학기 내내 가벼운 마음으로 수업시간을 보낼 수 있었고, 교수님도 매우 친절하십니다.",로드
일단 주제가 참신하고 교수님도 열정이 넘치세요.,교수님 강의스타일 및 강의력
"다른 수업보다 커버하는 범위가 넓지만, 시험은 mosfet, pn접합 부분이 주로 나오기 때문에 공부하는데 부담은 없었습니다.",시험 출제 스타일
학점도 잘 주시는 편.,학점
강의노트가 굉장히 깔끔하고 그 강의노트에 있는 증명들을 자세히 설명해주는 방식으로 수업이 진행되는데 수리통계학 과목 자체가 어렵다 보니 못 따라가고 포기하는 사람이 점점 많아지기는 하지만 일주일정도 시간 갖고 강의노트 복습하면서 집어주신 연습문제 풀고 올려주시는 기출까지 풀면 충분히 따라갈수 있어요!,수업 내용
방학때 실험 수행하는 것을 권장함.,로드
교수님은 열정적으로 수업하십니다,교수님 강의스타일 및 강의력
"내용 자체는 가벼우면서도 재밌게 들을수 있지만, 시험은 좀 지엽적인 편이라서 공부하기 까다로운 편이다 시험이 조금 지엽적이라는 거 빼면 적절히 즐길 수 있습니다^^",시험 출제 스타일
학점도 잘 주시는 편인 것 같습니다.,학점
"하지만 적성에 맞다면 좋은 수업이 될 것, 행렬은 안쓰시려고 노력하심 오로지 스케일러로~ 굉장히 만족한 수업 아무리 통계적 베이스가 부족해도 통계학입문정도는 카이제곱, 티 분포, 에프분포, 등에대한 약간의 개념 숙지하면 좋음 몰라도 괜찮, 수업에 부딪쳐보며 열심히하면 이해할 수 있음(노력 필요)",수업 내용
수업도 유쾌하고 과제도 없고 부담도 없고 시험도 쉽고 학점도 잘주심 마일리지 36 넣었는데 컷이 23이어서 후회했었지만 이젠 후회안함 지금까지 들은 교양 중 최고의 강의 수업 듣다가 너무 재밌어서 강의평 남김,로드
"우선 교수님께서 열정적이셔서 수업 준비도 많이 해오시고, 인간적으로도 좋은 분이세요.",교수님 강의스타일 및 강의력
평가 기준이 뭔지 모르겠어요.,시험 출제 스타일
그리고 학점은 잘 주시는 걸로 들었어요 ㅋ,학점
객관식 경제학 공부해보신 분들은 쉽게 따라가실 수 있을 것 같습니다.,수업 내용
과제부담도 전혀없고 수업도 흥미롭고 교수님도 나긋하고(아주아주살짝꼰대기질있지만 대부분너그러우심) 시험부담도 크지않고 무엇보다 학점도 잘 줌 이제 다들 강평보고 다음학기 마일리지 터질것으로 예상 ㅋㅋㅋ 진짜.. 처음 열리는 강의라 들을지말지 고민 너무 했는데 강의계획서 훑어보니 너무 듣고싶어서 수강하게 된 수업이었고...,로드
일단 강의력 자체는 정말 좋으심.,교수님 강의스타일 및 강의력
굉장히 어려웠지만 그만큼 얻어가는게 많은 수업 기말 몰빵 시험이라 a+ 성적:a0 로드:상 성적을 조금 덜받더라도 실력을 키우고싶다면 듣는거 강추.,시험 출제 스타일
학점도 잘 주시는 것 같다.,학점
"**large signal은 동작에 관한 내용(biasing), small signal은 작은 변화에 대한 내용을 선형화(ex gain)을 명심!!! 1. 다이오드 다이오드에 대한 물리적 내용은 강의안과 교과서를 참조(Reverse, forward bias, Zener Breakdown, Avalanche Breakdown)하고 회로 분석에 대해서 설명하면 결국 다이오드에 있어서 양단에 걸어주는 전압과 전류에 관계만 잘 파악할줄 알면됨",수업 내용
과제는 조금 많지만... 시험은 전혀 부담이 되지 않는 그런 좋은 수업이었습니다.,로드
교수님이 열정적이시다.,교수님 강의스타일 및 강의력
강의노트의 예제와 설명을 꼼꼼히보면서 공부를 한다면 시험이 크게 어렵게 느껴지지는 않고 오히려 시간은 다소 남습니다.,시험 출제 스타일
학점도 괜찮게 주시는 것 같다.,학점
고전 경제학자들의 아주 기본적인 주장만 알고 있으면 경제학에는 문외한이어도 따라가기에 어렵지 않은 수업입니다.,수업 내용
학기내내 큰 부담없이 수업시간에만 열심히 참여하면 되는 좋은 수업.,로드
교수님께서 좋으신 분이지만 영어로 할 필요가 있나 싶다 질문도 영어로하셔서 아는것도 답 못하고 당황할 때가 많다,교수님 강의스타일 및 강의력
"솔직히 과제풀이 하면서 정석적인 풀이 방법과 문제가 어떻게 변형될 수 있을지에 대해 충분한 설명을 다 하셨고 짜잘한 증명 같은 거 외우는 거 보단 공부량이 훨씬 적어서 너무 좋았다 적분이 살인적이라 시험 보는 내내 헛웃음이 나오긴 했으나, 오히려 누구나 맞출 수 있는 문제가 아니라서 출튀하거나 깊이 없이 공부한 사람들과 압도적인 격차를 낼 수 있어서 매우 만족스럽다 단점이라면, 평소 B~C를 받는 학생들이라면 솔직히 변별력이 없는 것도 사실이다",시험 출제 스타일
학점도 좋게 주시는 것 같아요~,학점
"선형대수의 큰 흐름을 파악할 수 있고 선형대수가 무엇을 배우는 학문인지, 이를 어떻게 적용할 것인지를 알아갈 수 있다.",수업 내용
한 학기 동안 행복하게 수업 들었습니다.,로드
쳇 교수님이 열정도 많으시고 수업 내용도 유익함!,교수님 강의스타일 및 강의력
점수는 그냥 비율 채워 점수대로 주시는 것 같고 시험도 특별히 어렵고 빡센건 아니라 거원 무난히 듣고 싶으시면 추천해요,시험 출제 스타일
학점도 잘주시는편입니다,학점
굉장히 실전적인 강의 직관적인 이해를 요구하지만 난이도는 회로 분반 중 쉬운편이고 학점 따기 매우 좋은 수업.,수업 내용
한 학기 동안 수업 들으면서 행복했습니다.,로드
"아무튼, 강의력 너무 좋고요.",교수님 강의스타일 및 강의력
"된 형태로 출제되기 때문에 문제 많이 풀어봐야하는 것은 귀찮지만 열심히만 하면 확실히 시험 점수는 보장되는 것 같습니다. 다만 시험 문제가 쉬운 편인 만큼 1,2차 시험에서 좋은 성적 얻지 못하면 생각보다 뒤에서 역전할 만한 기회가 없습니다. 1,2,3차 시험 비중 합친것이 4차시험보다 적다고 해서 4차시험에 올인한다는 생각보다는 1,2,3차 다 잘 봐두고 4차시험에서 망치면 안된다는 마인드로 공부하시는 걸 추천드립니다. 그리고 기말 때 전범위여서 커버해야 할 양이 상당히 많은데 1,2,3차 시험 준비하시면서 연습문제 풀이를 스스로 만들어 놓고 기말 때 복습하시면 훨씬 도움이 됩니다. (그리고 혹시나 선배 중에 연습문제 풀이를 적어 놓으신 분이 있다면 받아두시면 도움이 됩니다. solution도 미리 구하시길..!) CFD(전산유체) 과제가 나오긴 하지만 조교님이 다 알",시험 출제 스타일
대신 학점은 잘주십니다,학점
"최적화에 쓰이는 라그랑지안, 동태나 시계열에 쓰이는 미분방정식, 정차방정식 등의 개념들 중에서 필요한 부분만 한학기 분량으로 정리해서 수업해주시는게 장점이다.",수업 내용
영어강의이긴 한데 크게 부담스럽지 않고 저는 이번 학기에 이 수업 들으면서 정말 재미있었어요!,로드
강의력이 매우 좋지 못하니 기대하지말자.,교수님 강의스타일 및 강의력
"경제 노베 중간 90 기말 85 총성적 A+ 중간, 기말 각각 객관식 20문제로 시험은 심플하다 중간 40% 기말50% 이므로 A권을 노린다면 (80~) 각각 4개 정도 틀리는 것까지 마지노선으로 생각하면 될 듯 족보 구하는 게 어떤 스타일로 나오는 지 감을 알 수 있어서 좋긴 하지만, 굳이 없어도 A+ 맞는 데는 전혀 문제 없다.",시험 출제 스타일
학점 잘 주시는 듯합니다,학점
"밑에 왜이렇게 평점이 안좋은지는 모르겠는데 과목자체가 우리가 알고있던 역학 개념들을 엄밀하게 수학적으로 증명하고, 3학년때 쓸 좌표변환이나 라그랑지안을 익히는 과정이라 생각하는데 유휘동 교수님정도면 진짜 잘하신다고 생각함…책에 나와있던 내용외적으로 전체적인 일반역학 틀을 잡아주셔서 좋았음",수업 내용
수업도 그냥 편하게 들을만하고 중간은 대체과제에 기말만 치면 돼서 뷰담없이 들을 수 았는 수업입니다,로드
"일단 교수님 강의력이 정말 좋으시고, 매 시간 수업에 대한 열정이 넘치시는 게 느껴짐.",교수님 강의스타일 및 강의력
"성적은 과제 조모임 하나도 없고 온리 출석+시험2번으로 결정나는데, 시험문제는 난이도 자체가 어렵진 않았지만 이은경 교수님 시험은 개념을 정확히 알고 있어야 잘 풀리는 시험이라(객관식, 단답형, 서술형 다 나옴) 미리미리 공부하는 걸 추천합니다",시험 출제 스타일
학점은 그래도 잘 주시는 것 같음,학점
<강의 내용> 다른 전공 강의를 수강할 때 도움이 될 만한 수준의 계량경제학을 가르쳐주십니다.,수업 내용
한 학기동안 교수님의 수업을 들을 수 있어서 행복했습니다.,로드
교수님이 정말 열정적이십니다.,교수님 강의스타일 및 강의력
개인적으로 중간기말 공부에서의 중요도 순은 기출(족보)>>>>>pop quiz>assignment 같습니다. 참고로 과제랑 출결 다 만점+중간 평균보다 2점 위+기말 평균보다 5점 위였는데 A0 나왔습니다. 교수님이 정말 좋으시다. 출석 반영이 거의 없다고 보면 된다. 2주마다 나오는 과제는 정말 어려워서 스트레스를 좀 받았지만 채점을 너그럽게 해주신다. 공부를 정말 안 한 입장에서 시험은 많이 어려웠으나 평균 이상의 점수를 받았고 (채점 너그러움),시험 출제 스타일
학점도 잘 주시는것 같아요,학점
근데 내용 자체가 쉬운데 충분히 공부를 해야 이해가 가능한 과목이라 시간을 투자하시고 교수님께서 주시는 자료를 하나하나 이해하면 고득점 하실수 있을거에요.,수업 내용
수업 부담도 크지 않고 나름 들을만한 수업이었습니다,로드
강의력 좋으신 편이고 수업에 대한 열정도 꽤 크시다.,교수님 강의스타일 및 강의력
"강의력 좋으시고 학점도 나름 ㄱㅊ게 주심 인공지능 입문자라면 추천 에제는 쉽고 에쁠만 조금 어려움 융심전공생 아니어도 교양으로도 진짜 나쁘지 않은 선택 딥러닝개론및응용에서 난이도를 낮추고 시험을 객관식으로 바꾼 뒤에 퀴즈 없애고 날먹과제 5개 넣은 느낌? 성적 나와봐야 알겠지만 절평에 시험 개쉬운 편이라 성적 잘 주실듯 과제도 그렇게 어렵지 않고, 시험도 무난하게 나옵니다.",시험 출제 스타일
학점도 잘 주신다고 들음,학점
대면이후 꿀강X 강의도 생물학 잡다한 지식 알려주셔서 재미있고 요약 과제가 귀찮긴 하나 대신 3시간 수업을 2시간으로하니 편하고 암기할 것도 별로 없어서 쉬운 과목 21년 겨울계절로 들었다.,수업 내용
일단 과제가 귀찮을 정도로 많음.,로드
교수님이 열정있으심.,교수님 강의스타일 및 강의력
"정리본최공 22 여름계절 수강자- 옛날 시험은 주관식이 섞여있어서 힘들었는데 4지선다식으로 바꾸셔서 공부하기가 무척 쉬워짐[정확한 철자 안외워도 됌] 교수님 인성이야 말할것도 없고 시험 전날에 클로바노트 켜놓고 교수님이 말씀하시는 전체적인 스토리를 외우면서 공부하면 됌(본인 96점) A컷 70점, B컷 45점으로 매우 후합니다",시험 출제 스타일
학점은 잘 주시는 편이에요!,학점
"그러니 이걸 들을 계획이라면 방학동안 경수(1)에 준하는 내용들을 복습하고, 미시경제학에서 무지성 라그랑지안으로 문제푸는 걸 좀 해보는 것을 추천한다.",수업 내용
"결론적으로, 수업은 정말 만족스럽고 제가 노력을 안해도 기초가 채워지는 느낌입니다.",로드
열정이 넘치시는 교수님입니다!,교수님 강의스타일 및 강의력
초반에 오해했던 것이 죄송할 정도로.. 다만 교양이 대개 그렇지만 시험이 변별력이 크지 않아서 시험을 좀 잘 쳐야 좋은 성적 받을 수 있습니다.,시험 출제 스타일
학점도 잘 주시는 것 같네요,학점
"저학년 분들일 경우 거시를 듣고 화금 정도랑 같이 듣고 나서 그 다음학기에 동학 수업을 듣는 쪽으로 커리를 잡으시면 좋을 것 같고 다른 동학 수업들과 달리 이산형으로만 진행하는 점(교수님 working paper도 이산형 성장모형이라고 들었습니다), 내생성장모형을 꽤 여러 가지 접할 수 있는 점(동태나 거경동에선 안 가르쳐주시거나 언급만 해주심), 그리고 실제 문제 적합도도 학교에서 들은 수업들 중 가장 높다고 생각합니다.",수업 내용
과제나 시험도 대체로 쉬운편이고 로드도 적어서 나름 힐링되는 수업이었네요,로드
처음 배우는 언어를 원어로 배워서 이해하기 어려워 중간중간 수업시간에 스트레스를 받는데 이런 부분들에 대해서 교수님은 허허 웃으시며 영어로 조금 더 설명해주시고 하는데 차라리 한국어를 써주셨으면..,교수님 강의스타일 및 강의력
기말이 조금 빡셌지만 도움이 많이 됐다 교수님 수업내용이나 과제에 대해서는 유익하고 많이 배울수 있지만 시험 난이도 조절과 시험 스타일에 대해서는 의문.,시험 출제 스타일
학점은 괜찮게 주시는 편인듯 합니다,학점
"하지만, 고학번 입장에서 보면 공학수학의 개념들이 여기에서도 조금씩 나오고(gauss elimination 등), 매트랩에 대한 기초 지식 및 향후 화공 전공에서 갑작스럽게 튀어나오는 계산법(반응공학 levenspiel plot 계산의 trapezoidal, simpson) 들에 대한 배경지식을 쌓을 수 있으며, 텀프로젝트를 하며 실제 화공 분야에서 어떠한 분석을 하는지 간략하게나마 체험해 볼 수 있다.",수업 내용
그냥 힘들지 않을만큼만 배우고 생각해보고 하는 수업 2. 시험 및 학점 솔직히 다른 수업에 비해서 열심히 하진 않았는데 성적이 너무 잘 나와서 깜짝 놀랐어요.,로드
교수님께서 열의가 넘치십니다..!,교수님 강의스타일 및 강의력
다른 문제들은 대체로 평이하거나 기출과 비슷한 유형이지만 중간고사와 기말고사를 합쳐 한두 문제 정도는 새로운 유형(다음 학기 강의노트의 Homework에 추가될 법한)이 등장할 수 있습니다.,시험 출제 스타일
학점도 잘 주시는 편으로 알고 있습니다.,학점
무조건 들어라 날먹할 수 있다 난 수업만 좀 열심히 듣고 시험대비는 전날 잠깐 했는데 A+ 나왔다 회로에 대한 인사이트를 기를 수 있는 수업 교수님 강의력도 너무 좋았다 플젝은 생각보다 어려운데 하다보면 된다 장단점이 뚜렷.,수업 내용
정말 이번학기 힐링한 수업...,로드
학생들한테도 관심 많고 학문에 열정도 넘치시는 교수님이세요!,교수님 강의스타일 및 강의력
학생 시절에 배운 내용과 연구해오시던 짬 + 좋은 머리(?)로 그날그날 배울 내용 책 보고 적절히 설명은 해 주시지만 준비 안 하시는게 확 티가 남. 4. 내용도 어려운 게 별로 없고 시험도 너무 쉬워서 변별력이 거의 없다.,시험 출제 스타일
학점은 확실히 잘 주시는 듯 합니다,학점
"이건 공대과목 뿐 아니라 수학, 통계, 경제, 경영, 전전 모두에 해당하는 것이라 생각함(실제로 본인이 위 과들에 대해서 상당부분 강의를 들었음) 문제를 주구장창 풀기보다는 먼저 내용에 대한 직관적 이해와 함께 큰틀을 이해하고 세부적으로 공부해보면 좋을거같음",수업 내용
다른 34천 전공에 비해서 부담이 큰 것도 아니고 그렇다고 아예 남지도 않는 수업도 아니라서 마음에 드는 수업이었다.,로드
교수님 영어를 심각하게 못하시지는 않는데 전달력이 많이 떨어지셔서 이해하기 힘들었어요.,교수님 강의스타일 및 강의력
"강의력은 나쁘지 않은데 듣다보면 답답해서 짜증남 과제는 2~3주에 한번, 난이도 적당함 몇 문제 틀려도 A 주는걸 보면 대충 찍지 않고 풀기만 하면 과제로 점수 깎이진 않을 것 시험은 개념 정독하고 피피티나 과제에 있는 문제 풀 정도면 다 풀 수 있음",시험 출제 스타일
다만 학점은 좋게 주신다.,학점
"경제학 좀 알거나 하시는분들은 대부분 쉽겠지만, 저처럼 미시만 좀 아는 사람 입장에서는 미시 부분에서은 복습이고 거시 부분에서는 새로운 정보를 알차게 알려주셔서 좋았어요.",수업 내용
아쉽긴 하지만 한 학기 재밌게 공부해서 추천할 만한 수업이라고 생각한다.,로드
아무튼 교수님 정말 열정적이시고 좋으십니다,교수님 강의스타일 및 강의력
시험은 처음은 매우 쉽게 냈었고 기말고사가 좀 시간도 부족하게 내셨엇는데 난이도는 둘 다 어렵지는 않으니 복전생이거나 타과 전공생들한테 추천 초반과제는 쉬운데 엄청 세세한 부분에서 점수를 깜.,시험 출제 스타일
학점도 잘 주시는 것 같습니당,학점
"기본적으로 토질역학에 대한 이해가 중요하다 토질역학 강의를 제대로 이해 못 했다면, 이 강의 또한 이해하기보다는 내용을 외우다시피 해야한다 중간 시험은 매우 어려웠으나 기말 시험은 그에 비하면 쉬운 편이다 텀프로젝트는 많이 하려 할수록 어렵고 포기하면 아주 쉽다 발표할 때 교수님의 질문들이 날카로우니 되도록 근거를 확실히 찾아 자신의 결과물에 대해 자신감을 갖는 것이 중요해 보인다",수업 내용
성적이나 과제의 난이도 이런거 다 떠나서 너무 힐링되는 수업이었다.,로드
수업내용자체는 괜찮은데 솔직히 교수님 영어수업을 알아듣기가 힘들다.,교수님 강의스타일 및 강의력
"그저 빛… 작품 두세번 읽고 피피티만 봐도 거의 다 풀 수 있음 아랫분들 말대로 시험 변별력은 별로 없고 족보대로 나오는 거 맞지만, 수업 열심히 들은 입장에서는 나름 얻어 가는 게 많은 것 같습니다.",시험 출제 스타일
학점도 잘 주시는 거로 알고 있음.,학점
"17년도에 겨울 계절로 들었었는데 진짜 소수강의여서 그런 것도 있지만 한명한명 다 챙겨주려는 그런 것도 보였고 진짜 입문 수준에서 딱 이해할 수 있게 한 수업이어서 좋았어요, 어떻게 해서 상평 때 A+이 나온건지는 모르겠지만 시험 전에 시험에 나올 것들도 알려주셔서 그거 외운대로 적으면 됐는지라 많이 어렵지 않았어요",수업 내용
뒷자리 앉으면 강의 잘 안들릴수도 있지만 수업 자체는 훌륭함 이번학기에 들은 수업들 중에 가장 시간이 잘 가는 수업이어서 매우 고맙다.,로드
되게 열정적으로 가르치시긴 하는데 너무 교수님 페이스에 맞춰서 수업하셔요;;,교수님 강의스타일 및 강의력
"경제학 전반에 대해서 공부하고싶으면 강의 내용은 괜찮고 동영상도 재탕이긴 하지만 음질, 화질 괜찮아서 들을만함 그치만 시험 생각보다 난이도가 있으며 (족보처럼 키워드 위주 아니고 단답형, 객관식, 주관식 모두 나오며 지엽적인 문제도 몇 있음) 기말이 전범위로 나와서 힘들었다.",시험 출제 스타일
학점도 나름 괜찮게 주시는 것 같다.,학점
"오픈북이지만 수업은 듣는 걸 추천함 재밌기도 하고, 각 주차의 소주제들을 아예 그 흐름을 모르는 거랑 아는 거랑 ctrl+F의 속도가 다르다고 느낌 그리고 나는 시험 때 모든 pdf를 하나로 이어붙였는데, ctrl+F할 때 편했어서 합쳐놓는 걸 추천함 (시험에 나온다는 건 공지됐었지만, 수업 때 아예 배우지 않은 유럽 지도 문제는 왜 내시는 건지 잘 모르겠음) 족보 타는 것 같지만 굳이 필요 없고 강의 정리 노트 주시니 그걸로 컨 f만 잘 연습하면 될 듯 본인은 실수해서 학점 평균이지만 그래도 수업도 안듣는데 이정도면 괜찮고 적당히 하면 점수 잘 나오니 이번 학기가 좀 빡세다면 넣는 거 추천 기말 89점, 영상 6개 놓치고 에쁠받음.",수업 내용
맘편하게 들었던 수업입니당,로드
그리고 강의력 너무 좋으세요.,교수님 강의스타일 및 강의력
학점미화...지만 매 시간 조별 협동학습 좀 부담스럽기도 했고 어려운 내용도 꽤 많았지만 시험을 그닥 잘보진 않았어도 학점이 기대했던 것보단 높게 나왔네요...,시험 출제 스타일
학점도 괜찮게 주시는 것 같습니다.,학점
"강의력 좋으시고, 선별한 연습문제 및 플젝이 내용을 이해하는데 도움을 많이 줘서 개인적으로 추천하고싶은 강의 기본기 쌓기 되게 좋고 얻어가는게 많다 향후 전력과목이나 전자회로 수강하는데 있어 도움이 될듯 성적은 아직 안나와서 잘 주시는지는 모르겠지만 암튼 추천한다 원하는 성적을 받지는 못했지만 정말 많이 배워간 수업이었습니다!",수업 내용
그렇지만 너무 편하고 난생 이렇게 부담없이 수업이 끝날수가 있나요,로드
· 교수님 - 엄청 열정적이시고 학생한테 관심 많으십니다.,교수님 강의스타일 및 강의력
그대로 출제하는건 아니라서 자주 나오는 문제를 보고 그 부분의 개념을 꼼꼼하게 외우면 됨,시험 출제 스타일
학점은 잘 주시는 편이라고도 들었습니다!,학점
"그냥 기초적인 경제지식 잘 쌓을 수 있고, 연습문제 같이 풀면서 바로 이해할 수 있게 해주심.",수업 내용
"과제가 많은 편도 아니고, 성적도 후하게 주시고 여러모로 좋았던 수업.",로드
교수님이 열정적이므로 수업을 잘 듣자.,교수님 강의스타일 및 강의력
"어쨌든 본인은 내가 받은 학점은 썩 만족하지 못하지만 얻어가는 것이 꽤 많았고 도움이 되는 것도 많았기에 별 5개 드림 *족보는 반드시 구하고, 교수님이 판서에 필기하는 것은 가능하면 다 적는 것이 좋음 특히 이번 시험에서는 강의자료 말고 판서에서 나온 문제도 좀 있었음 배우는 것 광장히 많고 얻어가는 것도 많은 수업 하지만 성적이 정말 매우매우 짠 편 중간 기말 합쳐서 평균보다 20점 잘 봤는데 B+ 떴으니 참고 배터리 과목이 몇개 없다보니 배터리 전공생들은 꼭 들어야되는 과목이고 중간범위까지는 좀 원리기반으로 사례들을 많이 설명하는 느낌이긴 한데 기말범위는 조금 단순암기느낌이 강했던거 같음",시험 출제 스타일
학점 잘 주시긴하는것같습니다.,학점
수업 내용이 다양한 분야를 골고루 다루기는 하지만 매우 기초적인 내용을 다루어서 이해하기 쉽도 시험도 오픈북이고 서술형으로 나와서 손이 조금 아프지만 문제가 매우 쉽습니다,수업 내용
한 학기 동안 즐겁게 수업 들었습니다.,로드
참나 강의력 좋습니다,교수님 강의스타일 및 강의력
시험은 객관식 주관식인데 의외로 지엽적인 곳에서 몇 개 나오니 ppt만 달달 외우면 나쁘지 않은 점수 나올 것임.,시험 출제 스타일
학점은 꽤 잘주시는 편 같습니다.,학점
거시학 수업만 제대로 들으면 수업 내용은 어렵지 않게 들을 수 있음.,수업 내용
이 수업 덕분에 한 학기가 즐거웠습니다.,로드
수업 잘하시고 열정있으십니다.,교수님 강의스타일 및 강의력
"성적도 크게 모나지 않게 주시는듯하다 로드 : 하 (중간고사 내용을 잘 이해하면 기말은 공부안해도 될 수준) 퀴즈 : 중상 (연습문제를 그대로 내는데 평균이 60-70임 퀴즈를 열심히 공부한다면 중간, 기말 공부량이 현저히 줄어듦)",시험 출제 스타일
학점도 잘 주시는 것 같아요.,학점
기초부터 탄탄히 알려주심 설명 이해하기 쉽게 해주시고 수업 안 부담스럽고 과제 없고 시험 쉬워요,수업 내용
이해를 잘하고 넘어갈 수 있던 듯 공수 특성상 시험은 개같이 많지만.. 그래도 이 수업은 다른 반과 달리 과제가 없다는 게 아주 좋았음.,로드
교수님이 정말 수업에 대한 열의가 넘치시고 책임감이 넘치세요!!,교수님 강의스타일 및 강의력
"강의 자체는 그냥 듣기만 하면 되지만, 시험은 전형적으로 개론이나 고등학교 내신 식으로 나오는 과목이라 달달 외워서 시험보는 것을 선호하는게 아니면 비추.",시험 출제 스타일
학점 나름 잘주는듯.,학점
중간 기말 둘 다 80점 만점에 70점 중후반대 받고 A+ 받아가요 기출문제 푸시면서 답 내는 것 말고도 과정 꼼꼼히 짚고 넘어가며 공부하면 정말 쉽게 에이쁠 받아가실듯 저와는 다소 맞지않는 강의였어요.,수업 내용
개인적으로 쉽게 좋은 학점 받으실 수 있다고 생각한 수업입니다!,로드
교수님이 수업에 대한 열정과 더 가르쳐주겠다는 신념으로 충만하십니다.,교수님 강의스타일 및 강의력
과제 문제에서 시험문제 많이 나오니 잘 풀어두면 좋을거고 시험은 그렇게 어렵게 내시진 않습니다,시험 출제 스타일
학점은 꽤 잘주시는 것 같네요.,학점
좋은 수업이니 필히 수강하시길 실무적 경험을 통해 텍스트마이닝의 기본 구조를 이해할 수 있다 듣는 내내 뭐 이런걸 배우나 했고 불만도 많았는데 학점 미화되는 강의입니다,수업 내용
과제 부담 없고 학점도 잘 주셔서 너무 편하고 좋았다!!,로드
수업: 교수님 수업 정말 열정있게 열심히 하십니다.,교수님 강의스타일 및 강의력
"조교님들이 굉장히 친절하셔서 이해가 잘 안되는 개념이나 문제들에 대해서 메일이나 TA office hour에 적극적으로 질문하는 것을 추천드리며, 복수전공생인 저에게는 너무나도 어려운 수업이었지만, 그럼에도 앞으로 다른 응통 과목들을 배워 나가는데 있어서 뼈대가 되는 수업임으로 이렇게 엄밀하게 배울 수 있었던 점에 대해서 배우 고통스럽지만, 그래도 많은 것을 배울 수 있었다고 생각합니다.",시험 출제 스타일
학점은 잘 주시는 것 같습니다.,학점
"이거 별로라 하면 그냥 수학과 전공 강의 듣게하고 성적 받아보면 다 해결됨~ 앞에서 한 얘기가 많으니 따로 필요한 얘기만 하자면, 교안에 있는 ppt나 교재의 내용에 맞춰서 설명해주신 부분도 있었고, 강조하시는 부분도 있었기에 따로 필기나 과제로 준 연습문제만 어느정도 숙지하고, 교재의 그림만 이해하면 수월한 시험이었음.",수업 내용
한 학기동안 편했습니다,로드
일단 교수님이 무척 친절하시고 열정적이시다.,교수님 강의스타일 및 강의력
시험문제도 개념을 이해하고 교재의 예제정도만 풀줄 알면 되는 수준이라서 공부를 한다는 가정 하에 그닥 어려운 편은 아니라고 생각합니다.,시험 출제 스타일
학점도 잘 주시는 것 같습니다.,학점
최적화에 관심있으신분들이라면 꼭 들으시면 유익할 것 같습니다,수업 내용
그래도 이번 학기 무난하게 잘 들은 수업이었음.,로드
"단점 하나 적어준다면, 교수님 영어 잘하시는데도 단어가 막히거나 조금 설명을 못하신다 생각하시면 한숨을 땅이 꺼지라 쉬신다...",교수님 강의스타일 및 강의력
시험 난이도 편치가 큰 게 단점인데 학점 잘 주시는 편이고 대부분 수업에서 다룬 문제라 크게 걱정하지 않으셔도 됩니다.,시험 출제 스타일
학점은 잘 주십니다.,학점
"의외로 코딩 수업 아님 양자역학 몰라도 수강가능 선대, 미적 베이스 중요 보통 응통선대에서 시간상 넘기는 복소행렬,벡터 안톤책 펼쳐서 공부해 가는 걸 적극 추천 생소한 내용이다 보니 수업을 듣다보면 정신이 아득해지지만 우리의 수준을 고려해주시고 과제들과 시험을 거의 다 떠먹여 주셔서 괜찮습니다.",수업 내용
제 학점이 만족할만하다고 할 수는 없지만 정말 의미있고 재밌는 수업이었어서 이번 학기에 이 수업들은거 정말 잘들었다고 생각해요.,로드
교수님 강의력 좋으시고 열정도 있으신데 학저 너무 짜게줌,교수님 강의스타일 및 강의력
시험은 생각보다 족보를 안타는 느낌이니 필기 및 예제 문제 위주로 공부하면 될듯하다.,시험 출제 스타일
학점도 괜찮게 주시는거 같아요.,학점
데이터분석 말고 경제이론 있으니 안들은 사람은 차라리 그거먼저 듣는게 나을듯 학점을 잘 주신다.,수업 내용
숙제는 한학기에 한번정도인데 열심히하면 정말 배워갈게 많은 수업이어서 만족만족대만족.,로드
교수님이 굉장히 열정적이시고 내용이 충실해요.,교수님 강의스타일 및 강의력
시험 기출 경향이 문제인데 평소 강의에서의 중점사항이나 토질역학 교재의 연습문제와 전혀 다른 경향의 문제가 자주 나온다.,시험 출제 스타일
하지만 성적에 비해서 학점은 상당히 잘 주시는편인듯 하다.,학점
원론이다보니 내용이 어렵진 않아서 미리미리 하신다면 에이쁠 충분히 가능한 강의입니다.,수업 내용
한 학기동안 편하게 수업 듣고 A+ 받아갑니다!,로드
교수님께서 너무 열정 있으시고 좋으십니다!,교수님 강의스타일 및 강의력
참고로 시험문제는 시간이 촉박하게 많은 문제를 내심 난이도는 어렵지 않더라도(quizlet에서 많이 따오시니 미리 풀어볼 것) 시험에 관련해서는 경입수업 잘 따라가셨다면 문제없다고 느꼈습니다.,시험 출제 스타일
학점 어느정도 잘 주십니다.,학점
"과목 내용적으로는 중간 범위는 무기1에서 배운 group theory(flow chart 따라가면서 compound에 point group 부여하는 법만 알면됨)이랑 MO쓰면서 처음으로 Coordination compound가 뭔지 Ligand field theory가 뭔지 배움 기말범위는 중간범위에서 배운내용을 바탕으로 18-electron rule을 도출하고, 전자갯수 열심히 세는법을 배움",수업 내용
타전공 학생인데 수업 따라가기 힘들지 않았어요!!,로드
영어 강의다 보니 교수님의 수업 내용 전달이 아쉽습니다.,교수님 강의스타일 및 강의력
본인은 초반에 한 번 후반에 한 번 총 두 번 작성..해서 A0 받은듯 시험은 주관식+서술형인데 주관식은 교재에 있는 글 빈칸 뚫어서 거의 그대로 나오고 서술형은 크게 어렵지 않거나 사전에 알려주시니까 시험 전 현장 강의는 꼭 듣는 걸 추천.,시험 출제 스타일
학점도 잘주시는듯??,학점
족보랑 수업 교재 꼭 구하시고 수업만 잘 들으시면 성적 어렵지 않게 받아가실 수 있어요,수업 내용
성적 나오기 전에 쓰는 강의평이지만 교수님 덕분에 한학기동안 즐겁게 수업들었습니다.,로드
"교수님께서 열정 가득하시고 , 최대한 학생들을 배려하시면서 강의해주신다.",교수님 강의스타일 및 강의력
"Overall, I learned a lot and found his class useful 과제 짜잘하게 많긴 한데 하기만 하면 점수 만점 주고 솔직히 부담 될 정도로 그렇게까지도 많지는 않음",시험 출제 스타일
학점 잘 주시는 듯?,학점
"개인적으로는 통계학 입문 수업과 같이 들으면 좋겠는게, 통계 베이스가 스스로 부족하다고 느끼는 분들이 두 수업을 같이 들으면 시험 범위가 일단 엄청 겹쳐서 공부하기 편하고 불친절하게 설명된 부분을 어느정도 해소할 수 있습니다",수업 내용
"중간 레포트 하나, 기말 시험, 개인 발표 한 번으로 워크로드도 부담이 되는 편은 아닌 것 같습니다.",로드
"영어 발음은 나쁘지 않으신데, 전달력이 떨어지는 느낌을 받아 수업집중이 잘안되요.",교수님 강의스타일 및 강의력
시험범위가 누적이라는게 빡세긴 하지만 시험 난이도는 쉬운 편이라 적절히 공부하면 괜찮.,시험 출제 스타일
학점은 아주 잘 주시는거 같아요,학점
명강중에 명강 과거 기출을 아예 나눠주시고980%는 여기서 다시출제되기 때문에 A0 나 B+ 받기는 굉장히 쉬운강의 그러나 10% 정도를 어려운 문제로 내시기 때문에 평소에 자주 생각해보고 사고력을 기르는 연습이 필요함 A+은 약 5~6명 까지 주심 그리고 중간기말 1등이랑 A+ 받은 사람 이름은 와이섹에 박제해주심 비록 학점은 좋지 않지만 현실경제에 접목할 수 있는 내용이다보니 알찬 수업이었습니다!,수업 내용
예전에는 어땠는지 모르지만 이번 학기는 부담 없고 편한 수업이었음.,로드
일단 교수님이 무지 열정적이시다.,교수님 강의스타일 및 강의력
"중간 까지는 괜찮은데 기말부터는,, 개인 시간 할애하실만큼 질문도 잘 받아주시고 강의력도 좋았다고 생각했는데 내용 자체가 좀 많고 내용이 누적되서 적용되는 느낌이 있어요.",시험 출제 스타일
학점은 잘 챙겨주시는 편같음.,학점
지금까지들은 수학중에서 제일 꼼꼼히 제일 이해잘되고 내용의 흐름을 갖고 수업하셔서 따라가기도 쉽다....,수업 내용
과제도 건의 부담이 없는 수준이고 수업 시간에 항상 열정적으로 최대한 쉽고 친절하게 가르쳐주시려고 하는 것 같아서 한 학기 동안 감사했어요,로드
교수님 열정이 엄청나십니다.,교수님 강의스타일 및 강의력
"시험때는 무조건 아는 거 다 쓰시길 4학년이 돼서야 들은 2학년 수업인데 이정도로 양적고 널널한 화공과 전공은 거의 없다봐도 무방 과제는 책에있는 문제 모은걸로 두번정도 나왔고, 시험이 세번이긴하지만 다른학우분들이 말하는것처럼 필기내용 기반이며 전반부 내용 상당부분이 일반화학 범위를 벗어나지않는 내용이기에(오히려 공학화학 시험에 비해 난이도는 낮을것) 적은 시간 들여도 고득점을 받을수 있음.",시험 출제 스타일
학점도 잘 주신 편인 것 같아요~~,학점
에마정도 예상했는데 에쁠나온거보면 학점도 후하게 주심 기시제랑 같이들으면 큰 부담은 아니지만 제어이론 모르고 듣는다면 로드가 상당할듯 수업은 실습위주지만 평가는 이론으로해서 기계시스템제어 수업을 들은 학생들에게 매우 유리함.,수업 내용
자잘한과제가많지만 수업자체는부담스럽지않고 좋음!,로드
화이팅~ 일단 영강인데 교수님이 영어를 너무못해요..,교수님 강의스타일 및 강의력
"족보 정리만 2~3시간 정도 하고 A0받음 꿀강오브꿀강 시험 양 보고 걱정했는데 족보 80프로 나오고 나머지 문제 못풀어도 에이쁠 가볍게 주심 강추 시험은 타임어택이고, 시험 전에 족보 문제 풀어보면서 책 같은 거 찾아보고 족보도 보고 하면 됩니다.",시험 출제 스타일
그래도 학점은 잘 주십니다,학점
"미방이 많이 사용되고, 수학에 자신없는 분들은 조금 힘들 수 있겠지만, 한은 생각하시는 분들은 거경동 듣기 전에 이 수업 들으면 굉장히 도움이 많이 될 거에요.",수업 내용
부가적인과제 조별과제 모두 없고 출결 안빡센 수업이라 저는 만족하면서 들었습니다.,로드
교수님께서 학생을 열정적으로 가르치십니다.,교수님 강의스타일 및 강의력
정외과식 필기 다다다하고 퀴즈 전날 필기랑 수업자료 외우면 퀴즈 부담없고 과제 점수는 기본적으로 나오고 시험은 족보에서 그다지 차이 없음.,시험 출제 스타일
학점은 나쁘지 않게 주시는 듯.,학점
수업만 잘 따라가면 무난하게 풀 수 있습니다.,수업 내용
"과제 많아, 귀찮아 내용...",로드
"나를 가장 힘들게 한 건 영어 수업이라는 건데, 나도 미숙하고 교수님도 미숙한 영어를 사용하다 보니까 교수님이 전달하고자 하는 내용이 전달이 참 안 됐다.",교수님 강의스타일 및 강의력
로드 적고 내용도 은근 재밋어서 할 때는 재밌게 했는데 성적이 은근 깐깐하다 시험 두번에 난이도 높지 않고 족보 많이탄다.,시험 출제 스타일
근데 학점은 되게 잘 주시는 것 같아요.,학점
경제학 노베이스가 들어도 이해가 잘 되는 강의에요!,수업 내용
학기 내내 부담감은 정말 적은 수업입니다.,로드
"교수님이 굉장히 열정적이심, 수업시간 꽉꽉 채우시고 학생이 문제 물어보는것을 좋아하심.",교수님 강의스타일 및 강의력
그리고 사실 마음만 먹으면 중간 전까지는 강의 스킵하고 책보면서 혼자 공부하고 퀴즈풀고 시험봐도 충분한 수준 기말이 어렵긴한데 그건 선대자체가 기말부분이 어려운내용이라 그렇고 또 기말 범위 어려운거에 비하면 시험은 쉽게나옴 이정도도 안하고 선형대수 들을거면 굳이 선형대수과목을 들을 필요가 없음,시험 출제 스타일
학점을 꽤 잘 주십니다,학점
개념 공부에 맞춰서 시험 대비하는 편이 좋을 듯 수업만 열심히 듣는다면 교수님이 정말 친절히 설명해주시기 때문에 충분히 따라갈 수 있다.,수업 내용
"하지만, 과제가 정말 성가신데, 방대한 수업내용과는 반대로 지엽적인 비슷한 주제만 계속 나와 약간 질리는 감이 있다.",로드
"영어 실력도 별러 교수님은 열심히 설명해주시는데 화질, 음질이 안 좋아서 수업 알아듣기가 좀 힘들었습니다..",교수님 강의스타일 및 강의력
교재에 있는 연습문제만으로는 부족함 족보 정리 잘 해놓으시고 근데 족보에서 벗어나는 문제들도 꽤 나옴 (응용문제) 실제로 이번 기말은 족보 기출보다도 좀 까다로운 문제들이 나왔음...,시험 출제 스타일
다행히도 학점은 잘 주시는 분 입니다.,학점
공부하면서 수치해석의 전반적인 틀을 알게 되어서 남은 학기에 수치해석을 듣는다면 어느정도 도움 될 거 같습니다.,수업 내용
이게 스트레스가 될수도..ㅜ 전반적으로는 좋았던 수업이였어요,로드
그리고 교수님 그 와중에 영어 별로 못하셔서 설명하다가 막히는 부분도 개많고...,교수님 강의스타일 및 강의력
시험은 수업 시간에 잘 듣고 필기 잘 했다면 다른 교양과 비교했을 때 특별히 더 부담스럽지는 않아요,시험 출제 스타일
학점은 그래도 꽤 잘 주시는 편이에요,학점
수강대상이 3학년 이상이니 각론듣고 미시 거시 들은 경제학과 학생이라면 그동안 배운 모형들 많으니 배운것들 응용해보시면 됩니다.,수업 내용
"수업을 들었을 땐 부담없어 행복했지만, 막상 이 수업을 마치고 다음 전공을 들으려니 자신이 없다.",로드
교수님의 열정이 학생들의 사고력 향상에 긍정적인 영향을 주는 수업입니다.,교수님 강의스타일 및 강의력
그리고 시험도 지엽적이라는 평 많은데 수업시간에 다 다룬 부분이고 필기 한번정도 읽어보면 틀리지 않을 난이도로 출제되었다고 생각해요,시험 출제 스타일
과제에 대한 점수도 꽤 반영을 하시는 것같지만 시험 잘 보는게 가장 중요.,학점
시험은 수업을 당장 잘 이해한다면 일주일 공부하고 이틀 동안 재정학 기출'만'하면 괜찮은 결과 나올만한 수준이다.,수업 내용
하지만 부담은 많이 없는 수업 열심히 외웁시다,로드
교수님이 정말 열성적이시고 강의력 또한 굉장히 뛰어나십니다.,교수님 강의스타일 및 강의력
수업내용에 비해 기말시험은 어려움 과제문제랑 작년 재작년 시험문제랑 유사하게 내심 중간은 쉬웠는데 기말은 어려웠다 학점 채워주신다고 들었는데 잘 주셨으면 한다 수업은 나름 괜찮지만 실시간으로 해서 말 속도 때문에 좀 처지는 느낌이 있다.,시험 출제 스타일
학점 잘 주시는 편이라서 추천합니다,학점
강의평가: 그렇다고 하더라도 강의 내용은 굉장히 알차고 동태모형을 본격적으로 배우기 전에 예비과목으로서 난이도도 적절한 것 같습니다.,수업 내용
성적은 어떻게주실지 모르겠지만 비대면수업 하시면서도 과제가 매우적어 행복하게 들었습니다.,로드
강의력 자체는 너무 좋습니다.,교수님 강의스타일 및 강의력
개인과제 대형팀플이 있고 시험 나름 준비해도 기준이 엄격하셔서 점수는...ㅠㅠ 강의력도 짱짱하시고 많은 것을 배울 수 있는 수업이었습니다,시험 출제 스타일
"매주 조모임 과제가 있어서 얻어가는 건 정말 많은 수업이나, 결국 성적은 한 번 보는 시험에 따라 나뉘는 과목. (그마저도 주관식,단답형 스타일 시험이고 문제 하나가 배점이 10점.)",학점
다른분이 말한거처럼 TF문제같이 개념문제가 나와서 식위주로 공부하는 것보다 개념 위주로 공부하고 얻어가시면 될 것 같습니다.,수업 내용
학기중엔 꿀이었어서 걱정도 안됐는데 갑자기 생각해보니까 이렇게 부실하게 전필들어놓으면 전선은 어떻게 들을지 좀 막막함 저는 개인적으로 만족스러운 수업이었습니다.,로드
교수님께서 수업은 굉장히 열심히 하심.,교수님 강의스타일 및 강의력
다른 과목에 비해 로드가 전혀 빡세지 않고 넉넉한건 사실이지만 시험도 꽤 지엽적이고 꼬아서 내고 A+ 받기가 극악임,시험 출제 스타일
내 생각에는 학점을 잘 주는 것 같다.,학점
중간때 이럴줄 모르고 배운거 위주로 공부했다 망했지만 기말은 최적화 이론 부분까지 공부해서 잘 봤습니다.,수업 내용
교수님 로드 자체는 빡센편은 아니라 한학기 편하게 듣긴했어요,로드
"영어로 수업하실 때 학생들이 잘 못알아듣거나 아예 듣기를 포기한 것을 인지하신건지, 중간중간 걱정이 담긴 목소리로 잘 따라오고 있냐고 하실때 솔직히 좀 마음 아팠음.",교수님 강의스타일 및 강의력
"물론 학점 자체는 너무나 잘 주시기 때문에 크게 걱정할 필요는 없으나, 혹시 모르니 족보를 구하셔서 각 개념별로 답안을 작성하는 템플렛을 만들어주시면 편하실 듯 합니다.",시험 출제 스타일
학점도 후하신 것 같습니다.,학점
하지만 아예 경제 노베에 관심도 없다가 전공 상 들어야 해서 들은 것 치고는 만족함 교수님이 진짜 이거 듣고 이해못하면 사람 아니다 할 정도로 설명 잘 해주시고 동강 2시간 대면 1시간이라 수업 듣기도 괜찮았음 대면 동강 포함 수업을 단 한 번도 들은 적이 없으나 시험 전날 피피티 2회독하고 중간 기말 만점.,수업 내용
중간고사 범위는 쉬워서 수업만 듣고도 괜찮았는데 기말은 쉽지 않네요,로드
교수님 성격도 호탕하셔서 수업도 재미있습니다.,교수님 강의스타일 및 강의력
시험: 프셋들보단 압도적으로 쉬움. 프셋은 수식을 좀 많이 다룬다면 시험은 내 주장과 근거를 적는 게 많았던 거 같음.,시험 출제 스타일
밑에 강의평처럼 편애는 모르겠고 과제는 정말 오지게 많음 모든 과제들이 결국 하나의 큰 에세이를 위한 빌드업이기에 나중 가서는 큰 도움이 되긴 하나 미친듯한 과제 스트레스는 고스란히 수강생들 몫 단점은 자기 글만이 아니라 남의 글도 평가해야 하는데 이걸 대충하면 점수 깍이고 마지막에 제출하는 reflection도 term paper처럼 길고 자세히 써야 하기에 히든 보스 만난 것 마냥 가뜩이나 많은 과제에 화룡점정을 찍음,학점
"수업 내용이 python과 R을 처음 접하는 입장에서 수월하게 학습 과정을 따라갈 수 있도록 체계적으로 구성되어 있고, 올려주시는 강의안(+예제)이 정말 친절하게 작성되어 있습니다.",수업 내용
"막학기 취준 준비하면서 너무 좋았던 강의, 로드량 진짜 적고, 이미 반도체 수업을 많이 들어서 공부할 필요가 거의 없어서 너무 좋았습니다.",로드
교수님의 열정이 장난 아님~,교수님 강의스타일 및 강의력
"다만 족보와 시험이 그대로 나오고 학점을 깐깐하게? 주셔서 조금 논란이긴한데,, 족보 여부를 차치하고서라도 기본적으로 시험이 쉬웠고, 다른 평가 요소가 없으니 시험 성적만으로 잘라야하는데, 쉬운시험+족보가 있으니 점수대가 위로 많이 몰린것같습니다.",시험 출제 스타일
조금 아쉬운 점은 숙제가 배운 내용 그냥 돌려보는게 끝이라는점 시험은 중간 기말 총 2번 시험은 배점이 어마어마하게 크고 앞에 틀리면 전부 날아가버리는 경우가 있음(기말 배점 80 20 두문제),학점
화폐금융론 쪽 지식이 부족해서 이번에 신청했는데 딱 내가 부족한 부분 배울 수 있어서 좋았다 강의 전달력 좋으시고 피피티 구성도 잘 되어있어서 피피티로 공부하기도 좋다 (교과서가 내용도 많고 어려운데 교수님 수업듣고 피피티 보면 이해 잘됨) 개인적으로 밑에 강의평들은 왜이런지 모르겠지만ㅠ 교수님이 예전에 시험어렵게 냈다고 하셨는데 아마 그거 때문에 그런거같다 질문하면 답도 정말 잘해주신다 본인이 금융공기업 또는 행정고시 준비로 화폐금융론과 거시경제학을 꼼꼼히 공부했다는 사람이라면 시험 전날에 3시간 정도만 훑어봐도 양학가능합니다.,수업 내용
무엇보다 워드 반페이지도 안되는 글을 한학기에 6번 써서 냈는데 학점마저 A+로 충만하게 채워주시다니 너무 편안하고 좋은 수업이었다!!!!!!,로드
확실히 강의력하나는 정말 좋으신듯 합니다.,교수님 강의스타일 및 강의력
"강의력도 괜찮은 편이고, 시험 난이도도 평이하지만 범위가 넓어서 공부하기 힘들 수도 있을 거 같음.",시험 출제 스타일
학점도 후하신것같네요,학점
"꽤 자잘하게 많은 보고서와 퀴즈, 그리고 꽤 많은 범위의 중간기말 시험을 봐야한다는 점만 미리 알고 수강하면 유익한 강의가 될 것 같습니다.",수업 내용
그냥 학점 잘 주시고 팀플도 그렇게 부담스럽지 않다 교수님 착하신듯 날로먹는수업이었음,로드
교수님께서 굉장히 열정적이시고 설명도 친절하심.,교수님 강의스타일 및 강의력
"본인이 암기에 자신있다면 학점빨기는 좋은 과목이지만, 인생에는 전혀 도움이 안되는 과목 2학년이 듣기에는 어려울만한 강의 나중에 들으셈 A0는 받을만하지만 A+은 거의 안 주시는듯 시험이 은근히 치사한 문제가 많음",시험 출제 스타일
대충 보니 학점도 잘주시네요.,학점
왜냐하면 그때 까지 배운 내용을 활용해서 설계해 보고 시뮬레이션 돌려보면 전자회로1 수준에서 이해가 안되는 오류들과 현상들이 막 튀어 나올 것임.,수업 내용
부담은 없는데 좋은 학점도 얻고 교양도 얻는 수업!,로드
"교수님은 열정이 넘치시고 학생을 아끼시는게 눈에 훤히 보일 정도이고, 수업 내용도 학생들이 이해할 수 있게 적절히 변형해서 설명해 주십니다.",교수님 강의스타일 및 강의력
"족보 보면 옛날에는 행시 기출문제에서도 가져오시고 단순히 수업 내용만으로는 이해하기 힘든 심화 개념 문제들이 출제되었는데, 요즘은 많이 쉽게 내셔서 수업에서 다루는 예제 문제는 거의 복붙으로 출제 되고 맨큐에서도 몇개 긁어오시는 듯함.",시험 출제 스타일
채점된 성적에 비해서 학점은 잘주세요.,학점
"중간고사까지는 통계학입문에서 배운 내용(분포, 추정, 일표본/이표본 t검정, 카이제곱/F검정) 복습이고, 기말고사까지는 분산분석, 선형회귀분석 계절이라 그런지 내용이 잘 들어오고 연결성이 있었음",수업 내용
"강의력이 엄청 뛰어나거나, 수업에서 엄청 많이 얻어가는 느낌은 아니였지만, 학점을 정말 잘 주셨고, 그리고 로드가 적어서 편하게 필수 과목 하나 들을 수 있었던 거 같습니다.",로드
"학점도 잘주시고 강의력도 좋고 앞자리 앉아서 수업만 열심히 들어도 에이권 가능함 교수님은 상당히 적극적이시고, 열정적이시다.",교수님 강의스타일 및 강의력
하지만 그만큼 배울 것도 많았고 프로젝트 하는 과정이 재밌었다 학점도 잘주시기 때문에 졸업 전에 꼭 들어봤으면 하는 과목이다,시험 출제 스타일
아마 학점도 잘 주실 것 같다.,학점
원론과목이라 배우는건 다른 분반들과 무차별할 것이기에 다른 분반 듣는것을 적극적으로 추천함 과제는 독과점 실사례 찾는 거 하나 있었고 수업은 맨큐에 기반해서 이해하기 쉽게 설명해주시고 특히 연습문제 풀때 학생들 참여하라고 이것저것 물어봐주심.,수업 내용
성적이 어떻게 나올지는 모르겠지만... 한학기 너무 재미있게 들었던 수업이었습니다,로드
교수님이 열정이 있으셔서 잘 가르쳐주심.,교수님 강의스타일 및 강의력
조모임이 없어서 평소에는 부담이 덜하지만 시험은 생각보다 지엽적인 부분에서도 나오니까 세세한 부분도 체크하는게 좋을것 같습니다,시험 출제 스타일
학점은 후하게 잘 주시는 거 같습니다.,학점
"이론 이나 통계 툴에 관한 배경지식이 있으면 아무래도 좀 더 수월하겠지만, 교수님께서 처음 듣는 사람들 고려하셔서 처음부터 친절하게 강의해주시기 때문에 대학원 진학 예정자가 아니더라도 응용미시분야에 대해서 한 번 공부해보고 싶으신 분들은 재밌게 들으실 만한 강의라고 생각합니다.",수업 내용
학생들을 생각해 주시는 분인 것 같고 수업도 로드가 부담이 없었으나 갓시국 비대면 학기라 오픈북되어서 망정이지,로드
수업내용도 흥미로움 교수님이 열정있고 학점 너그럽다.,교수님 강의스타일 및 강의력
"퀴즈2번, 중간, 기말 시험 보는데 퀴즈 공부를 미리 해서 그런지 시험 때 크게 부담되지는 않았음",시험 출제 스타일
학점은 생각보다 잘 주심.,학점
온미분에 비해 난이도가 꽤 많이 올라가기 때문에 온미분 이후로 인지프(인공지능프로그래밍입문)나 코딩 지식이나 경험을 조금 더 쌓고 오시는 걸 추천드려요..,수업 내용
성적도 잘 받아서 정말 한학기동안 잘 들은 수업이라 생각합니다.,로드
교수님 좋은 분 같은데 영어가 좀 알아듣기 힘들었음.,교수님 강의스타일 및 강의력
4. 런어스에 올려주시는 속기록의 편리성(시험공부에 투자하는 시간을 평소의 2~3배 이상 아낄 수 있다) 5. 합리적인 수준의 시험 범위 및 난이도(중~중하 정도이고 과거 상평 시절에 나오던 지엽적 문제는 1도 나오지 않았음. 기출이랑 겹치는 문제가 많으니 가능한 한 많이 구해볼 것),시험 출제 스타일
학점은 미치도록 잘 주시긴 합니다.,학점
"그렇다고 그렇게 어려운건 아니고 3,4차 방정식의 근의공식 유도나 피타고라스의 세 수 등 수학사에 기념비적인 명제이면서 증명을 공부해보면 그렇게까진 어렵진 않은 것들이니 이런 부분은 수업시간에 증명을 소개하지 않았다고 해서 공부를 안하면 안된다.",수업 내용
한 학기에 발표 3번 하면 끝이라 부담 거의 없고 같이 듣는 학우분들도 다 착하고 좋아서 힐링 수업이에여.,로드
무엇보다 교수님이 열정이 넘치시고 피드백도 해주시려고 노력하십니다.,교수님 강의스타일 및 강의력
진짜 계량 경제이지만 부담은 크게 없으며 ppt에 있는 문제나 예시들을 잘 공부하면 정말 무난하게 시험 풀수 있습니다.,시험 출제 스타일
학점도 후하게 주시는 것 같음.,학점
"교수님께서 내용 충분히 잘해주시니 강의안으로 수업들으면서(대답 열심히 하면 복습효과가 뛰어남) 내용이해하고 집가서 공부하면서 강의안 맥락이 이해안될 때만 교과서 본문 찾아보면서 맥락 이해해보는거 추천(특히 다이오드, BJT, MOSFET 물리적 내용들은 읽어보는거 추천, 2장, 4장, 6장) 전자회로를 어려워하는 이유를 하나 꼽으라고 하면 전자회로(1)가 딱딱 떨어지지 않아서인거 같음",수업 내용
계절학기때 크게 부담 없이 들을수 있었던 수업 재미도 있고 난이도도 딱히 높지 않았다..,로드
교수님 수업 정말 열정적으로 하시고 탈권위적이다.,교수님 강의스타일 및 강의력
"시키는 것도 많이 없고, 제 기준 꿀강~ 강의력은 노답이지만 시험 기간 직전에 가이드라인 미리 주셔서 이걸로 공부하면 시험 보는데 꽤 도움이 됨.",시험 출제 스타일
학점의 경우 과제의 비중이 은근히 크고 시험은 딱 낼법한 곳에서만 내심.,학점
이론에 대해 심층적으로 다루기 보다는 어떤 이론들이 있나 설명하고 맛보는 수준 까지 들어가기 때문 하지만 미디어심리학에 대해 개괄적으로 듣고 싶은 사람 + 암기로 좋은 성적 받고 싶은 사람 한테는 추천하는 과목 다른이들은 배운게 없다고 하지만 그래도 이 수업에서 알게된 걸 언론학개론이나 PR과미디어 등 다른 수업에서 써먹을 수 있었기 때문에 나쁘지 않았다고 생각함 근데 점수는 진짜 짜게주시는 듯 하다..,수업 내용
한 학기동안 재밌게 수업 들었습니다.,로드
교수님 수업이 약간 중구난방일 때도 있지만 항상 열정적으로 수업을 진행하십니다.,교수님 강의스타일 및 강의력
"과제는 부담되지 않는 선에서 3~4번 나오고 시험은 1,2문제를 어렵게 내고 나머지는 쉽게 내시는 스타일 인 거 같음.",시험 출제 스타일
시험도 기말은 양도 많고 애초에 내용이 어려운지라 사실 수업시간에 한 것으로만 가지고 시험보면 통수맞은 느낌 드실거예요..ㅠㅜ,학점
그 수업도 그리스 비극작품ㅇ 관한 거라 걍 옛날 이야기 득는 것 같엤어요.,수업 내용
강의 끝나고 질문도 잘 받아주심 6) 교수님이 되게 친절함 전체적으로 이정도면 꿀강임 추천 계절로 들었는데 과제가 없는점은 좋았어요!,로드
그리고 교수님께서 영어를 못 한다고 의견이 많은데 물론 네이티브가 아니긴하시지만 수업을 이해하는데는 무리없습니다,교수님 강의스타일 및 강의력
1. 강의력 good 2. 적절한 난이도의 시험 3. 노력한만큼 가져간다는 느낌 good 미친듯이 꿀강이거나 명강은 아니지만 다음에 이런 강의를 또 듣을거냐 물으면 yes 1.최고의강의력 2.어렵지않은시험 3.널널한 에이컷 가히 최고의 교양 1. 시험 : 모두 객관식으로 시험 난이도는 매우 무난하다고 느꼈습니다.,시험 출제 스타일
학점은 후하신 것 같습니다.,학점
"그리고 교수님이 말씀을 횡설수설하셔서 힘들 수 있음 비대면학기 기준 녹강 듣고 매주 토론 참석하는 게 조금 귀찮았으나, 속기본만 잘 만들어두면 공부 안 하고도 시험 때 적당히 점수를 가져갈 수 있어 좋았음.",수업 내용
지식적으로 크게 얻어간 건 잘 모르겠지만 시험없이 꿀학점 받아가는 건 정말 좋은 듯 흥미로운 내용이라 한 학기 내내 너무 재밌었다.,로드
"교수님 말씀은 녹음을 해도 알아듣기가 힘든데 시험 문제는 그 수업 시간에 농담한 것, 이건 대충 넘어가라고 하신 것에서 나옵니다.",교수님 강의스타일 및 강의력
하지만 문제풀이는 스스로 해볼 수 있는 것이고 솔루션도 필요하다면 조교님께 올려달라고 요청을 하면 되었을 거라고 생각한다. 3. 시험 시험이 배우지 않은 부분에서 나왔다는 분들이 많았는데 개인적으로는 배운부분과 크게 벗어난다고 생각하지는 않는다.,시험 출제 스타일
학점도 괜찮게 주셨음.,학점
또 원래 퀴즈 중간 기말인데 이번엔 중간안봐서 편했고 기본적으로 유기에 대한 지식이 있으면 거의 날먹 교수님도 좋고 내용도 쉽고 프로젝트 같은 부담도 없고 재미도 있지만 다들 너무 잘해서 에이가 안나오는 과목,수업 내용
매주 과제가 있지만 크게 부담스럽지 않고 한국어 강의라 이해하기 좋았습니다.,로드
다만 교수님 발음이 조금 안 좋으셔서 교수님 말씀을 전부 외우려고 하면 오히려 스트레스를 받기 때문에 융통성있게 잘 공부하시길...,교수님 강의스타일 및 강의력
필기가 빡세긴 한데 시험 문제도 필기 내용 위주로 나옴 다만 통암기해야 하는 부분에서는 문제 스타일이 심교수님이랑 비슷함 그래도 중요한 거 위주로 나오면서 문제가 너무 브로드하진 않고 세부적이라 다행인 듯 일단 나는 만족함 내년에 전자소자도 들을 예정 친절하고 강의력 좋고 학점도 잘 주시는데 뭘 더 바람 걍 무조건 들어야되는 과목 시험도 수업시간에 다룬 범위만 나와서 공부할 분량이 많지도 않고 어렵지도 않음 이 과목 평점이 5점이 아니면 다른 신소재 과목들은 다 3점 이하일듯 ㅋㅋㅋ,시험 출제 스타일
그렇게 되면 학점도 잘 나옵니다.,학점
한종희 교수님 팬으로써 아주 만족 ㅎㅎ 수업내용은 산조 뒷부분이랑 비슷함 편람 참고하시면 될거고 직관으로 설명하셔서 어렵긴한데 현실의 예를 많이 들어주셔서 강의가 아주 재밌다(지극히 주관적) 연습하라고 문제를 몇개 써주시는데 직접 풀어보고 조교님에게 질문드리면 친절하게 답변해주신다 4천 단위라 꽤 어려운 내용도 다루는데 너무 어려운건 다행히 시험에 안나온다 산조 듣고 들으면 딱 좋음,수업 내용
"개인적으로 시간표에 딱 맞는 수업이 이것밖에 없어서 들었으나, 만족스러웠음.",로드
학생들을 배려하시고 과목에 대해서도 열정있으시며 최대한 즐겁게 수업해주시려는 것이 느껴집니다,교수님 강의스타일 및 강의력
"에쎄이쓰기 2번, 지필시험은 기말 1번만 지필 난이도는 전체적으로 쉬웠고 평균도 높았던걸로 기억 난 출튀는 안했는데 뭐 하겠다면 출튀하기는 쉽긴함 출튀하기 좋다 수업내용 재밌고 과제도 재밌는 편이다",시험 출제 스타일
개인과제 조별과제 시험 다 있고 교수님 기대치가 꽤 높으신데다가 과제 성적 공지하실 땐 깐깐하게 나눠 주셔서 성적 잘 못 받을 줄 알았는데 나온 최종 성적은 후함 시키는 게 이것저것 많아 힘들지만 학점을 잘 주십니다,학점
금융공기업을 준비하려는 학생의 입장에서 거시경제의 동태적 모형을 배우기에 아주 적합한 강의라고 생각합니다.,수업 내용
개인적으로 이번 학기 가장 마음에 드는 수업이었어요.,로드
오문현 교수님 학부생한태는 잘해주시는거 유명하니까 성적도 잘주심 ㅇㅇ 강의에 열정적이십니다,교수님 강의스타일 및 강의력
"근데 교재나 필기, 족보 이 중에 하나만 있으면 시험은 진짜 프리패스일 정도로 어렵지 않아요.",시험 출제 스타일
걍 빠져도 무관 대신 과제는 매주 있기 때문에 친구 통해서라도 내시길 시험 잘 보면 장땡인건 맞는데 계산 개복잡해서 예제 과제 안 풀어보면 힘들어요,학점
"존나 명강이고 강의력은 진짜 좋으신데.. 어떻개보면 청강이 나을듯 일단 저는 화폐금융 쪽에 대한 지식이 애초에 너무 없어서 정말 철회하고 싶은 과목이었는데 교수님이 읽어보라고 와이섹에 올려주신 기사들, 프셋들, 기말고사때는 한은에서 나오는 보고서들, 다 (포기하지않고..) 따라가면서 보고 이해하면 쉽진 않지만 충분히 성적도 얻어갈 수 있는 과목이라고 생각합니다.",수업 내용
너무 친절한 분위기에서 수업이 진행되어 그냥 수업 가는 것 자체만으로 좋았습니다.,로드
"교수님께서 매우 열정적이시고 친절하세요, 짜잘한 과제가 많고 매 시간 조별로 토론해야 합니다",교수님 강의스타일 및 강의력
교수님이 정리해주신 사례 같은 거 위주로 공부하면 시험때 크게 힘들지 않아요.,시험 출제 스타일
학점은 잘 주시는 듯..?,학점
주어진 회로를 계산하는건 잘 가르쳐주시는데 왜 이 회로가 이렇게 구성돠,수업 내용
한학기동안 부담없이 들을 수 있었습니다,로드
인원이 꽤 되는 수업인데 앞자리 못맡는 순간 강의의 중심내용인 칠판이 안보이니까 쉬운 내용이어도 집중도가 떨어지고 영어듣기로만 승부하려니 안습이었음......,교수님 강의스타일 및 강의력
시험은 ox 객관식 짧은 주관식 서술형인데 주로 개념문제랑 맨큐 연습문제 변형 내셔서 그렇게 어렵지 않음,시험 출제 스타일
학점은 여러분이 받을 점수에 비해 아마 잘 받게 되실 것 같습니다,학점
단원 들어갈때 원론적인 내용 정리해 정리해 주시는건 좋음 썬연구소에서 계셨던 분이라 관련된 스캐터링이나 특수상대성이론 신나게 설명하심 간혹가다 내용이 이해가 안되서 질문하면 그걸 질문하는 나를 이해못하는 교수님을 발견할 수 있음,수업 내용
그래도 역대급으로 부담이 적은 수업이였다고 생각합니다!,로드
이거 공부할때 나름 든든함 한가지 단점은 교수님 말투가 듣기 좀 어려운 스타일이라는거?,교수님 강의스타일 및 강의력
"근데 과제에 나오는 문제가 시험에는 안나오니 굳이 한 번 더 풀어보는 의미는 없을듯 하다 2. 코로나 비대면으로 40ㅡ50퍼를 a주신다고 말씀하셨고, + 0 - 는 비율에 맞게 나누ㅜ주신 듯 하다 3. 시험은 족보가 있으니 무조건 족보를 찾아서 듣자.",시험 출제 스타일
학점도 잘 주시고요.,학점
그리고 수업 내용 자체가 회계라서 딱딱할 순 있지만 최대한 쉽게 개념을 이해할 수 있도록 설명해주시려고 함 좋았음!!,수업 내용
과제 많이 내주시는 다른 과목과는 다르게 과제도 한 번만 내주셔서 편하게 수업 들었습니다.,로드
교수님의 열정적인 모습이 너무 보기 좋다.,교수님 강의스타일 및 강의력
"시험과도 많이 연계되니 참고 역시 조별과제 스트레스 없는게 장점 과목에 족보가 도는지, 표준편차 200점 만점 41(중간),47(기말)이라는 수치를 보임.",시험 출제 스타일
학점도 굉장히 잘 주시는 것 같습닏.,학점
"애초에 이 과목 듣는다는건 회로설계 생각이 있다는건데, 기회이/전회/디논은 그럼 무조건 들어야 하고 그거 들었으면 따라갈만함. 프젝이 좀 귀찮은데, 생각보다 걍 점수는 잘 주니 무난함.",수업 내용
완전 편한건 아니지만서도 이정도면 무난한 한학기 보내기 딱임,로드
교수님도 적극적이시고 열심이심.,교수님 강의스타일 및 강의력
갠적으로 시험 내용이 너무 지엽적이라 이에 맞춰서 cheat sheet 준비하는 게 도움이 되었고 한편으로는 시험 난이도를 차라리 과제 수준 정도로 내셨으면 어떨까 함.,시험 출제 스타일
"1차중간 평균 2차중간 평균 -5 기말 평균 +20 상위 30퍼 성적보다 10점 정도 낮았는데 A- 엇학기는 정규학기보다는 학점 조금 덜 주시는 것 같긴 한데 그래도 잘주심 유일한 힐링 전공 시험 세번 보고 1,2차는 족보와 매우 똑같이 나왔습니다.",학점
2단원은 수식이 좀 복잡해서 따라가기 힘들었지만 중간 이후 3단원 디락 equ.부분 부터는 난이도도 적당하고 내용이 너무 꿀잼이라 즐기며 공부 가능.,수업 내용
그래도 어느때보다 기분 좋으신 교수님과 함께해서 좋았고 학점도 쉽게 a+ 받아갑니다~,로드
강의력은 기대를 안하고 봐야 마음이 편합니다.,교수님 강의스타일 및 강의력
결과적으로는 족보와 필기본을 구했다면 흥미롭게 공부할 수 있지만 그렇지 않다면 수업시간마다 필기 속도를 시험받는 교양인 것 같습니다.,시험 출제 스타일
학점은 나쁘지 않게 주시는 것 같아요.,학점
미적분 부분 잘하면 유리할 것 같아요. 최고의 교수님! 진짜 수학 싫어하는데 재미를 느꼈어요. 잘 따라갈 수 있게 문풀도 많이 해주시고 질문도 너무 친절하게 답변해주세요~ 가장 기억에 남을 강의 같습니다. 경수는 무조건 지창구 교수님꺼 들으세요...수학 완전 싫어하고 중간기말 공부 더럽게안하고 보고 퀴즈랑 과제만 큰 감점없게 해서 총점 100점 만점에 70점 간신히 넘겼는데 이걸 A-를 주실정도로 성적 후하세요. (원래 기준으로 하면 B-나 B0 받을 점수),수업 내용
편하게 듣고 학점도 챙겨가기에 최적화된 수업인 것 같아요,로드
국강이면 교수님도 훨씬 잘 전달하실 수 있을 거 같은데 영어가 발목잡는 느낌.. 수업은 삼사천 전공 치고 쉽긴 한데 시험은 마냥 쉽지만은 않았습니다.,교수님 강의스타일 및 강의력
수업 1도 안들어도 피피티 1회 정독 후 연습문제만 다 풀고 시험보면 충분히 A+ 받을 수 있는 꿀강 교수님이 족보도 직접 올려주시는데 시험이 족보와 연습문제의 유형을 벗어나지 않는다 대신 수업을 열심히 듣는 사람이라면 수업과 시험 사이의 괴리가 느껴질 수 있음,시험 출제 스타일
"(이건 잘 따라가면 나름 할만함) - 시험 공부도 시험 공분데, 과제량이 진짜 장난아니라서 스트레스 장난아님. +",학점
기말고사 범위는 실제 사용되는 기계요소(ex. 볼트 베어링 shaft)에 적용이 되는 이론 및 수식들과 활용문제를 배우는데 페이스가 다소 빠르다고 느껴질 수 있으나 교수님께서 가르치시는 내용들을 듣고 책을 읽으면서 이해에 살을 붙이면 할 만 하다고 느껴집니다.,수업 내용
시험도 한번이고 난이도도 무난해서 부담없이 들을 수 있는 수업이었어요!,로드
수업에 애정도 많으시구요.,교수님 강의스타일 및 강의력
생각보다 수업은 쉽게 느껴지지만 시험이 어렵다고 느껴지는 이유는 통방을 다 제대로 알고 있다는 가정하에 시험 문제를 내셔서 그런 것 같다.,시험 출제 스타일
학점도 잘 주십니다.,학점
일반 학생이 공부를 열심히하면 충분히 수업을 따라갈 수 있는 난이도의 수업입니다.,수업 내용
막학기에 가볍게 학점 채우는 용으로 좋은 강의 같네요.,로드
강평 괜찮아서 들었는데 영어 못하는 편인데 교수님도 native와는 멀어서 이해하기 쉬움,교수님 강의스타일 및 강의력
다만 계산이 좀 빡쎈데 적당히 다 감안해주심 시험은 약간 쉽게 내심ㅇㅇ 점수 분포가 증가하는 지수함수ㅋㅋㅋ 그러나 교수님 본인은 이러한 분포에 대해 별로 개의치 않는것 같음.,시험 출제 스타일
기말 임박해서 하다가 머리가 터질뻔했지만 점수를 후하게 주셔서 참 감사한 마음으로 마무리할 수 있었다.,학점
설명도 광장히 자세히 해주심 이해를 못한다면 복습을 안했거나 이해력이 딸리거나 둘중하나 하지만 기말이 쉽게나와서 변별력이 부족했지만 중간때 생각보다 변별이 되어서 중간부터 열심히 한사람은 좋은학점 받을 수 있을 것으로 예상 솔직히 선대 내용 자체가 쉬워서 꼼꼼히 중간고사부터 긴장하고 해야함,수업 내용
"이번학기 이 수업때문에 많이 힐링했고, 감사했습니다❣",로드
수업 체계적이고 교수님 열정적.,교수님 강의스타일 및 강의력
ppt 내용이 조금 많긴 한데 수업 시간에 강조하신 내용 위주로 암기해서 가면 시험은 그렇게 어렵지 않습니다.,시험 출제 스타일
학점은 절평이라 그런지 꽤 잘 주시려는 듯 하다.,학점
그러나 이 과목의 최대 장점은 재밌다는 것… 이 강의 덕분에 한 학기가 즐거웠다 보통 학점+유익 둘 다 챙기기 쉽지 않은데 이 강의는 열심히 참여한다면 충분히 가능한 듯 잘 안 쓰이는 기본 function이나 문법이 아니라 논문 작성이나 실무에서 실제로 쓰이는 패키지들을 R 설치에서부터 배울 수 있어서 좋았음.,수업 내용
기말 팀플 부담이 있긴한데 교수님께서 하나하나 설명해주시고 친절하시다 이번학기에서 제일 많이 얻어간 수업 생각외로 재밌게 들었습니다.,로드
교수님이 열정적이고 친절하셔서 정말 좋은 수업임!,교수님 강의스타일 및 강의력
시험은 난이도가 그렇게까지 어렵진 않습니다. (유기2 처음 배우고 피트 안하는 제 기준),시험 출제 스타일
학점도 후하게 주시는 것 같습니다.,학점
진짜 많이 알고 계신다 그걸 개론 수준에 맞게 잘 꺼내주시고 설명 진짜 잘해주셔서 좋았다 문제도 깔끔하게 경제학 문제들로 잘 내주신다 이번 학기 최고 만족스러운 강의 일단 출석을 전혀 신경쓰시지 않는다는 점?이 송도 수업에서 가장 좋았고 중간이 엄청 쉬웠어서 기말은 그보단 조금 어렵게 나왔는데 무난히 에쁠 받았어여,수업 내용
월요일 1교시만 감수하면 명강꿀강~ 만족스러운 수업 1교시 교과관 빼고는 다 괜찮았음 그심리학에 관해 장 배울 수 있고 1교시인 것만 빼면 얻어갈 것도 많고 즐겁고 학점 잘 주는 강의 강의도 아주 재밌고 성적도 잘 주시고 시험 시간은 너무 촉박했어요,로드
교수님께서 열정도 많으시고 착하시다.,교수님 강의스타일 및 강의력
"연습을 상당히 하고 가는 것을 추천. 다만 2018년 시험에 대해 들은 내용과 비교하면 거의 비슷한 문제 출제되는 듯 하다. 기말은 역시 상당수가 증명이기는 하지만 증명으로 낼 문제가 없어서 그런지 본적없는 유형의 문제로 나온다. 이건 약간 운도 중요한듯 한데, 평소 수학에 자신이 있거나 교재의 내용을 완벽히 이해하면 좀 더 쉬울지도 모르겠다. 몇몇 문제는 족보도 돌아다니던데, 올해도 비슷한 문제가 출제된 듯. (참고로 neural network 과제를 하면서 backpropagatin은 꼭 손으로 해보면 좋을지도...)",시험 출제 스타일
다만 로드와는 별개로 학점은 대체적으로 잘 주시는 것 같습니다.,학점
영강이지만 한글강의같은 그런 느낌. 최적화 이론에 대해 관심이 많았는데 얻어가는게 많습니다.,수업 내용
과목 자체는 쉽진 않지만 너무 만족하면서 들었어요.,로드
강의력 정말 좋으세요,교수님 강의스타일 및 강의력
시험도 50문제이긴 해도 어느 정도는 족보 타고 다 객관식이라는 점에서 큰 부담 없음.,시험 출제 스타일
학점도 잘 챙겨주시는 듯.,학점
머신러닝과 딥러닝 CNN까지 배웠는데 흥미로웠음 다른 교수님 수업을 안들어봐서 비교는 못하지만 수업에서 배우는 내용 난이도도 쉽고 꽤 체계적이었음,수업 내용
여러모로 만족스러웠던 수업 과제 엄청 많음 그나마 시험은 없어서 위안은 됨 들을 만한 수업이지만 영어 딸리는 타과생에게는 비추 과제가 정말 많지만 짜여진 플랜 안에 하나씩 해결하면됨.,로드
교수님의 강의에 대한 열정이 느껴지는 수업.,교수님 강의스타일 및 강의력
내용은 조금 어려울 수 있으나 과제도 별로 없고 시험도 과제형태로 진행되서 큰 부담이 없음.,시험 출제 스타일
"과제가 어려운데 채점은 너그러우신 편이고, 시험은 올려주시는 기출, 출석퀴즈, 과제 순으로 중요한 것 같아요.",학점
"수업을 들으면 도움이 많이 되지만, 수업 안들어도 예제만 쭉 풀어 보시면서 나올 것 같은 문제 체크하고 전날 한 번만 다시 풀어보면 무난하게 A 이상 받으실 수 있습니다.",수업 내용
결론: 별점보다는 좋은 강의임 이 수업을 수강신청하기 전에 평점이 낮은 걸 알았지만 평들을 보고 참여를 좋아하는 제 스타일의 수업일 것 같아 수강했는데 한 학기동안 정말 잘 들었던 것 같습니다.,로드
"교수님이 교육에 대한 애정/ 열정이 어마무시하시고, 그만큼 얻어가는 것이 많은 수업이라고 생각합니다.",교수님 강의스타일 및 강의력
"다른 부분들이 조금씩 아쉽다 중간 기말 시험은 다른 전공에 비하면 너무너무 쉬워서 평균이 높다 자료 엄청 꼼꼼하게만 다 외우면 에이쁠은 받기 쉬운 전공이라 생각한다 과목 난이도 자체는 매우 쉬운 편이나, 이번 기말에 중간범위를 몇문제 끼워놓고 출제하심..",시험 출제 스타일
학점도 잘 주시는 것 같구요!!,학점
그래서 전 추천하고 모델링의 경우 오히려 너무 힘들어하기보다는 한학기 동안 여러가지 통계학 교과서등 보면서 고민했던 것이 도움이 되었던것 같네요.,수업 내용
한 학기동안 너무 만족했던 수업.,로드
"그러나 강의가 체계적이지 못하고 (ppt도 뒤죽박죽) 교수님이 말로 설명하시는걸 학생이 따라가야되는데 이게 말도 안되게 어렵다 (영어 강의라 그런 것도 있고, 전달력이 좋은 편은 아니신것같다) 무엇보다 수업 내용이 열2보다 이해가 안 갈 정도로 어렵다.",교수님 강의스타일 및 강의력
"시험은 앞서 말했듯이 족보 되게 중요하지만, 꼭 한 번 검증해보고, 강의 요약문 잘 써두면 시험공부 로드가 전무하다시피 하니 미리 대비해서 편해지면 좋을 것 같다.",시험 출제 스타일
그리고 학점도 진짜 잘 주시는 것 같아요,학점
광전재료 그중에서도 반도체에 초점을 맞추기때문에 중간까지는 반도체물성이론 관련하여깊이있게 다루고 기말범위는 소자구동원리가 내용임. 그동안 다른수업들 시험에서 족보그대로 나오거나 배우지도 않은내용 교재연습문제 숫자만바꿔서 계산더럽게 내거나해서 공부한게허무했던 적이많은데 수업때 집중해서들으면 시험범위는 강의에서 벗어나지않고 외우기보단 매수업내용을 이해하면서 따라가고 흐름을놓치지않는게 중요한거같음.,수업 내용
자잘한과제여서 그렇지 좀 귀찮습니다,로드
그치만 교수님이 열정적이셔서 배워가는게 많고 말그대로 교양을 쌓을 수 있음!,교수님 강의스타일 및 강의력
기말시험 같은 경우는 범위가 전체이기 때문에 빡셀수도 있으나 깊은 내용을 다루지도 않고 문제도 단답 또는 약술형이기 때문에 시간 조금만 투자하시면 에이쁠은 쉽게 받으실수 있습니다.,시험 출제 스타일
학점도 후하게 주시는 편이다.,학점
강의력도 진짜 좋은게 명확하게 개념을 확실히 정의하고 그 위에 지식을 쌓아올리는 느낌이라 확률하고 통계에 대한 큰 그림을 잡았다는걸 종강할 정도에 느낄 수 있음 귀여우신 교수님.,수업 내용
솔직히 나는 그냥 영강이라서 들었는데 예상 외로 너무 수업이 만족스러웠음.,로드
교수님 판서로 하는 수업이지만 애매한 영어로 무슨 말씀하시는 지 잘 모르겠음,교수님 강의스타일 및 강의력
동일 카테고리에서 가장 쉽고 출석만 하면 자도 뭐라 안함(대형강의 특성상 그런듯) 과제 없고 시험은 족보 그대로 내용 쉽고 다만 시험 범위 양만 좀 많은거 같은데 세부적인거 안물어보고 진짜 중요한 진한 글씨만 시험으로 내심 출석 비중이 큼 !!,시험 출제 스타일
성적 잘 주시니까 버티자 기말을 망친 줄 알았지만 다 못봤던걸로… 에쁠 감사합니다,학점
어느정도 교재를 이해하며 공부한 상태라면 점수받기 수월하다 들을만한 가치가 있는 수업이긴 하다.,수업 내용
"조별과제 없고 자잘한 과제 없기도 하고 들을 과목이 별로 없어서 진영재교수님 수업을 다시 듣게 되었는데,, 생각보다 좋았어요!",로드
나름 영어 잘 한다는 학생인데도 교수님 발음 알아듣기 정말 힘들었습니다.,교수님 강의스타일 및 강의력
쪽지시험을 중간고사 대체로 봤는데 크게 부담 안가져도 되는 시험.,시험 출제 스타일
학점도 매우 잘 주시는거 같아요,학점
한글 강의에 설명도 잘하심 영강듣고 애매하던 개념 다 잡힘 퀴즈를 모듈 한개 끝날 때마다 봐서 퀴즈공부 하다보면 공부도 잘 되고 좋은 수업이라 생각함 족보는 구해서 풀어보길 추천 동영상 강의(1~2h)와 실시간 QnA세션(1h)으로 구성되었다.,수업 내용
한 학기 동안 이 강의 덕분에 행복했어요~,로드
교수님이 열정적으로 가르쳐주십니다.,교수님 강의스타일 및 강의력
물론 족보대로 똑같이 나오지는 않지만 변형+족보에 없는 문제도 나오기에 족보공부+수업내용공부는 필수임.,시험 출제 스타일
근데 최종성적 나온거보니까 학점은 나름 잘주시는편인듯 Don't ever take this class.,학점
사견으로 마무리하자면 경제에 대해 배우고 싶으신 분은 다른 강의를 추천드리고 최소 노력으로 학점을 달달하게 받고 싶으시다면 추천합니다.,수업 내용
하지만 내가 수업을 듣지 아노아서.. 수업 자체에 대한 부담이없어서좋았던...,로드
"교수님은 무처 호탕하시고 강의력도 좋으시고, 수업 내용도 직관적이고 무척 넓은 범위를 커버합니다.",교수님 강의스타일 및 강의력
그런데 시험 채점 기준이 서술형이다보니 애매모호한 것 같다.,시험 출제 스타일
기말을 굉장히 못봤다고 생각했는데 에이쁠이니 점수 후하게 주시는 것 같아요,학점
주채파 기초 잡기에 좋고 교수님 설명도 어렵지 않습니다.,수업 내용
이번학기 이 수업으로 힐링했고 오픈북 시험인데도 남는게 많은 수업이었습니다,로드
교수님은 열정적인 편이시고 정말 친절하십니당.,교수님 강의스타일 및 강의력
"1차 시험땐 책에 있는 예제는 물론, 연습문제들을 풀어보았으나 계산문제의 비중은 상당히 적었고 그냥 예제문제정도들 풀줄 알면 큰 문제는 없을듯 장재형교수님 강의는 온갖 tmi와 강의시간 연장과 엄청난 필기량과 투머치토킹을 각오하고 들어가야 합니다.",시험 출제 스타일
강의력은 정말 좋으나 시험이 굉장히 노가다스럽고 빨리풀기대회 퀴즈도 예고없이쳐서 시험뿐아니라 여러가지 다신경써야 학점잘나오는과목 솔직히 시험 출제 방식은 좀 달라져야 한다고 생각함.,학점
미분적분학 들을려고 하시면 강추합니다,수업 내용
그냥 나쁘지 않은 수업이었어요..,로드
강의 능력 뛰어 나심.,교수님 강의스타일 및 강의력
시험 범위가 상당히 많지만 그냥 잘 외우면 시험 성적은 나쁘지 않게 받을 수 있음.,시험 출제 스타일
중간 / 기말 / 과제 / 최종 프로젝트 이렇게 크게 네가지로 구분되는데 시험 난이도 자체는 평이한듯한데 문제별로 제출시간늘 따로따로 잡아두셔서 풀고 제출하고 풀고 제출하고 하느라 시간이 촉박해서 못푼 문제들이 좀 많음.,학점
"교통 전반으로 가르쳐주시고, 통계 파트는 기초확률및통계 수업과 겹치는 내용이 꽤 있었어요.",수업 내용
"수업 시간이 기다려질 정도로 교수님 강의가 재미있었고, 학생들 배려해서 채팅창으로 의견제시도 활발히 유도하시고, 과제도 없어서 부담이 없었을 뿐만 아니라 중간기말 시험도 정해진 시간까지 제출만 하면 되는 거라 사실상 과제 대체로 봐도 무방한 것 같아요.",로드
하지만 교수님께서는 정말 열심히 수업하신다.,교수님 강의스타일 및 강의력
매주 퀴즈 준비 정도의 시험&복습 정도와 중간 기말 기출 이해하시고 암기하다사피 공부하면 저같은 미적분 알못 확통 분들도 A+ 어렵지 않게 가져가실 수 있습니다.,시험 출제 스타일
학점은 괜찮게 주는 편이다.,학점
"과목 자체는 기회이에서 배웠던 회로에 대한 기본지식 (전압,전류,저항 과 각종 수동소자 의 관계식)을 기반으로, 능동소자 트랜지스터(bjt,모스펫)에 대해 배웁니다.",수업 내용
시간 아깝고 남는게 없다 개인적으로 수업로드가 아주 무겁지 않아 좋았다.,로드
교수님은 수업에 매우 열의가 있으시고 학생들 편의 많이 봐 주십니다.,교수님 강의스타일 및 강의력
"시험은 중간, 기말 보는데 수업 열심히 들으면 그렇게 어렵지는 않아서 공부하기 수월합니다.",시험 출제 스타일
학점도 되게 잘 주시는 것 같아요.,학점
개념을 숙지하고 있어도 막상 시험문제가 안풀릴수도 있기때문에 맨큐교재와 문제풀이를 사서 한번씩 보는 것을 추천 입문 수준에서 딱 경제 공부하기 좋은 강의였습니다~!,수업 내용
과제는 어렵진 않고 수업도 들을만했음,로드
열정넘치는 교수님!!,교수님 강의스타일 및 강의력
내용은 쉽고 원래 3차시험 보던 범위를 2차로 줄였음에도 많지 않았던 걸로 봐서는 부담없이 듣기 좋은 과목이다.,시험 출제 스타일
학점도 후하신 편이라고 함.,학점
한 번쯤은 들어 볼 만한 과목 오에스에 이어서 들었는데 운영체제 철학에 기반해서 너무 잘 설명해주시고 과제도 내공 쌓는데 도움이 많이 되는 것 같습니다,수업 내용
배우는 건 딱히 없는 듯 하지만 인체드로잉이나 도식화 그림 실력은 좀 좋아진 수업 성적은 잘 주시는 듯 하고 과제를 엄청 늦게 제출해도 감점이 거의 없다는 게 장점이자 단점 1점대라서 걱정 많이 했는데 교수님도 착하시고 수업도 괜찮아요.,로드
안심하고 들으면 될듯 너희가 생각한 것보단 꿀강 아닐 가능성이 높다.,교수님 강의스타일 및 강의력
"시험을 풀 당시에는 어려움이 있었으나;;; 객관적으로 볼 때, 가르치신 내용과 크게 괴리가 있어보이지 않고, 공부하면 충분히 잘 풀어낼 수 있을 것 같습니다.",시험 출제 스타일
학점 정말잘주시는듯해요ㅠㅠ,학점
처음 들을때는 무슨 내용인지 싶지만 공부하면 할수록 이해가 쉽고 또 생활에 유용한 내용들이 많아 충분히 들어볼만한 강의라고 감히 말해봅니다.,수업 내용
여러모로 이번 학기 가장 만족한 수업이었네요!,로드
교수님 정말 열정적이시고 훌륭합니다.,교수님 강의스타일 및 강의력
시험은 그리 어려운 편은 아니라 외울 것만 잘 외워 가면 충분히 A 받으실 수 있을 겁니다.,시험 출제 스타일
"숙제 비중이 크니 열심히하면 좋은결과 있을듯 시험방식,채점기준 등이 마음에 들지 않음",학점
부담스럽지 않게 계량 공부해보고 싶은 분들께 추천합니다.,수업 내용
"일주일에 한번은 수업, 한번은 논문리뷰라 수업 진도에 부담도 없었어요.",로드
단점이 있다면 교수님께서 열정이 많으시다보니 강의 시간이 자주 초과되고..,교수님 강의스타일 및 강의력
우리과 다른 전공 비하면 진짜 괜찮은 편인거 같은데 중간시험 문제는 족보대로 나오기 때문에 상관없는데 퀴즈는 정말 빡치게 한다,시험 출제 스타일
학점도 무난문난하게 잘 주신다고 생각함.,학점
"1. 좋은 강의력 + 좋은 자료 + 개인 과제/시험에 대한 교수님의 개인 코멘트까지 2. 과목 자체의 난이도가 높지 않다는 점을 별개로 치면, 과제는 어느 정도 있는 편 3. 다만 (1)의 압도적인 장점으로 통계 기초를 확실하게 공부하고 싶다면 매우 추천 4. 학점도 널널한 절대평가로 잘 주시기 때문에 꿀 빨려는 의도여도 추천 5. 갓갓갓갓갓 21-2학기고 논리와 수리 안 들으면 졸업 못해서 들은 사람입니다..",수업 내용
개인적으로 수업내용도 너무 재밌게 들었고 시험도 쉬워서 학점 받기 좋았습니다.,로드
교수님의 한국어 강의를 들어본 적은 없지만 영어로 강의하시는 것 듣고있다 보면 이게 한국어 강의이길 바라게 됩니다.,교수님 강의스타일 및 강의력
족보 위주로 공부하면 점수 걱정은 딱히 안해도 됨. (족보 없이 공부할 거라면 모든 문장을 완벽에 가깝게 외워야 시험을 잘 볼 수 있을 듯함. 앞의 강의평들이 얘기하듯 시험 문제와 보기가 굉장히 지엽적이고 말장난식),시험 출제 스타일
학점 잘 주는 것 같아요.,학점
"무조건 A+을 받겠다 하는게 아니라면 공부를 할때 강의안을 한번 쭉 다 읽어보고(말 그대로 읽어서 기능만 확인하고), 실습 문제를 한번 읽어보고, 실습 및 과제 문제를 안보고도 풀 수 있을 정도로 외우고, 마지막으로 헷갈리게 낼 것으로 예상되는 함수들 몇개만 봐두는 정도로 공부하면 될 듯 합니다.",수업 내용
그리고 은근히 귀찮고 자잘한 과제들...,로드
그리고 상대평가에다 교수님이 열정적이다보니 학생들도 집중도가 상당함....,교수님 강의스타일 및 강의력
전자기학이 좀 난해한 부분이 있는데 그런 부분은 출제되지 않으니까 예제를 숙달하면 점수가 나올 수밖에 없는 구조임. 그런 면에서는 개인적으로 시험이 매우 합리적이라고 생각함.,시험 출제 스타일
"퀴즈 두번에 중간, 기말 이렇게 하는데 중간 기말 비중이 상당히 크니까 잘 준비하는게 중요한듯 교수님도 괜찮으시고 수업도 괜찮지만, 10번중 9번은 50분을 넘겨서 다음 수업 가는데 부담이 생길 수 있다는 점은 있다 시험기간에 보충자료를 공B복사실에 조교가 맡기면 출력해갈 수 있는데, 중간기말 합치면 거의 만원 돈 듬.",학점
애초에 이해하기 쉽게 가르쳐주셔서 수업시간 내에 이해가 다 되긴함.,수업 내용
듣는 내내 너무너무 행복했던 강의 ㅎㅎ 학생 편의를 많이 봐주시고 시험도 어렵지 않음 두 시험 모두 100점에 과제 다 해서 감점없이 마무리한 게 투머치였나 싶을 정도로 학점을 잘 주셨어요.,로드
"근데 교수님 영어가 별로라 그런지 집중하기 매우 어려웠고, 한글로 가끔 설명해 주신 부분만 남은거 같습니다..",교수님 강의스타일 및 강의력
시험공부는 증명을 많이 해보고 지난 시험 기출 어렵다고 안 풀지 말고 어떻게 푸는지 다 이해하면(이해못하는 문제도 물론 있음) 생각보다 시험이 안어렵다.,시험 출제 스타일
학점도 무난하게 a+ 주시는 것 같아요~,학점
"그리고 일단 exercise도 쉽지는 않기에... 3. 선수과목 본인은 좀 어정쩡하게 듣고 있는 타과생이라 선수과목이 잘 안되어 있지만, 만약 시간이 넉넉하고 수학과 수업에 관심이 많다면 해석학 루트를 좀 대체로 다 듣고(해석1, 2, 푸리에해석 등) 보면 좋을 것 같다.",수업 내용
"뒷부분 진도를 나가지 못한건 아쉽지만, 학점도 잘주시고 한학기동안 유익했습니다!",로드
"다만 교수님이 영어를 그렇게 잘 하시지 않고, 강의력도 그렇게 좋지 않으며, 수업이 3시간 연강인데 40분가까이 쉬는시간을 가지심.",교수님 강의스타일 및 강의력
오히려 문제가 너무 쉬운 마당에 문제당 배점은 크니까 실수하지 않도록 조심하기 시험 범위가 많은거 빼고 교재 연습문제만 풀어도 좋은 점수 받을 수 있을 정도로 어렵게 내시지 않아요,시험 출제 스타일
"기말고사 채점이 은근히 깐깐하신 것 같고, 조별과제에서는 제대로만 하면 유의미한 점수 차이가 나지 않는다고 생각해서 채점 과제를 꼼꼼히 하시는게 중요하겠습니다.",학점
깔끔하고 명확한 경제학입문 수준의 수업입니다.,수업 내용
"교수님 너무 친절하시고 귀여우셔서, 툴 사용 처음해본 학생이어서 수업 초반에 걱정했던 것과 달리 꽤 순탄하게 수업 따라갈 수 있었습니다..!",로드
교수님 열정적이고 친절하심.,교수님 강의스타일 및 강의력
과목은 어려운 듯 하나 시험도 다 takehome으로 해주셨고 학생들 의견을 적극 반영하심 저랑은 좀 안 맞았지만 ㅜ 그냥 이런 분야도 잇구나 배워가기 좋았네요,시험 출제 스타일
학점만큼은 정말 잘 주시는 듯합니다.,학점
경제 개념만 있어도 재밌게 듣고 성적 잘 받아 갈 듯 비대면 일 때 제발 제발 제발 이지영 교수님 들으세요.,수업 내용
일단 과제 없어서 너무 편하고 수업 내용도 흥미로워서 편하게 들을 수 있음.,로드
영강수업 교수님 영어를 그렇게 잘하지 안지만 너무 책임감 있음.,교수님 강의스타일 및 강의력
오픈북이라고 안이하게 생각하지 말고 족보나 필기본이라도 구해서 시험 전에 훑어보는 것을 추천.이번학기는 교수님이 백화하셨는지 시험문제 전체를 T/F와 단답형으로만 내셔서 이전 학기보다 상당히 수월했음.,시험 출제 스타일
잘 모르겠는데 학점은 잘 주는듯.,학점
(상대평가처럼 교수님이 주신다고 수업 때 언급하셨는데 이 정도로 짤 줄은 생각 못함) 선수과목은 재료과학 결정학 재무화 정도이고 재무화를 굳이 안 듣고 수강해도 교수님이 필요한 지식은 다시 설명해줌,수업 내용
교수님도 좋으시고 이 수업 자체가 제게 힐링타임이었어요.,로드
"영어가 안되시는건 물론이고, 설명하시는 도중에 교수님 본인도 헷갈려 하시는게 한두번이 아님.",교수님 강의스타일 및 강의력
범위가 꽤나 넓어서 시험공부를 신경쓰긴해야하지만 시험자체는 쉽게 나온다.,시험 출제 스타일
학점: 잘 주는건 맞음 .,학점
"행렬 사용은 기본이고, 통계 및 코딩에도 상당히 능숙하신 분이 들으면 좋을 것 같습니다.",수업 내용
아무튼 그런거 다 떠나서 정말 너무너무 만족스러운 수업이었습니다.,로드
교수님이 좋으시고 수업참여를 많이 유도하십니다.,교수님 강의스타일 및 강의력
"과제가 좀 있지만 그리 어렵지는 않고, 학기에 2번씩 하는 시험과 받아쓰기 테스트가 있지만 사실상 시험이 전부다.",시험 출제 스타일
"전체적으로 무난한 수업이었고, 성적도 잘 주셨지만, 무언가를 많이 배워가는 느낌은 아닌거 같아서, 별 하나를 뺐음.",학점
"안전하게 생각하고 싶다면 A는 중간기말 180점을 넘어야 한다고 생각하면 되고 A+을 노리는거라면 190정도로 생각하면 될 듯 (정확한 기준은 그때그때 다른 거니까 말 그대로 '참고'만 하면 됨) 2. 학점 B권은 +이 많은데, A는 +0- 철저한 듯 3. 수업 내용 진짜 어렵지 않음.",수업 내용
사실 자리 남아서 듣게 된 수업이었는데 생각보다 너무너무 만족스러웠습니다,로드
선생님이라고 불릴 수 있는 교수님 같다 가르침에 대한 열정이 대단하심,교수님 강의스타일 및 강의력
"공부&과제&시험: 한숨 쉬시는건 중간즈음부터는 그래도 훨씬 나아졌고, 설명도 대충 교수님이 이걸 말씀하고 싶어하시는 것 같다~ 정도로는 이해가 돼서 공부하는데는 큰 무리가 없다고 느꼈습니다. 프셋은 총 4번이 있는데, 그 중 2개만 채점됩니다",시험 출제 스타일
학점은 고이장히 잘 주시는 편.,학점
"매트랩보다는 선형대수, 적어도 행렬 조작에 익숙하셔야 과제 하기 쉽습니다.",수업 내용
그러나 다른 교양 들을바엔 이거 듣는거 추천할 정도로 한학기동안 좋았음.,로드
교수님이 정말 적극적이고 재미있으십니다.,교수님 강의스타일 및 강의력
절평 덕에 학점이 가까스로 괜찮았던 것 같아 크게 불만은 없지만 다른 강평처럼 속기를 잘 하시고 교재 잘 읽고 복습하시면서 중요하면서 큰 줄기를 잘 공부하시면 시험은 잘 준비될거라 생각합니다.,시험 출제 스타일
다만 내기만 한다면 학점은 잘 주시는 듯.,학점
경제 처음 접하는거였는데 수업 열심히 들으면 충분히 따라갈수있음.,수업 내용
"지금까지 들었던 교양수업중에 제일 쉬웠고 문과라 버벅거릴거 걱정할 필요가 없는, 가볍고 재밌고 흥미로운 수업이었음.",로드
플젝 60/60 중간 150 기말 130 결과 에제 매우만족 합니당 영어강의 특성상 어쩔수 없는 부분도 있지만 교수님 발음이 clear하지 않은 부분이 있어서 수업 내용 전부 알아들으며 따라가기가 좀 힘듭니다.,교수님 강의스타일 및 강의력
"꿀.강. 안들으면 바보 시험 2개, 캠으로 손 보이게 찍어야 되는데 오픈북이라 부담x, 전날에 한번 훑고 가면 만점 ㅆㄱㄴ~ 개꿀… 근데 평소에 공부 안하면 시험 볼 때 눈에서 피 나옴 교수님도 교수님 수업도 좋은 건 말이 필요 없습니다",시험 출제 스타일
"개인적으로 맘잡고 과목 제대로 공부하려면 극강난이도... 과제가 매주 나오는데 과제 못풀면 시험을 손도 못 댈테니, 과제 나올때마다 매주 공부하면서 과제 하길 추천 과제 스스로 못 풀면 중간기말 손도 못 댐 과제비중이 높으니, 솔루션과 친구들이랑 답 이중 체크 추천 코로나 학기여서 그런지 학점 퍼줘서 과제만 만점받아도 A 주신듯 프로젝트는 자율주제로 팀원 3인 자율로 꾸려서 2주정도 기간주고 진행했는데, 이거로 성적 변별이 되었는지는 모르겠음",학점
개념을 알기 쉽게 설명해주시지만 시험이 너무 어려움 강의력 정말 좋으시고 시험 보기 전에 문제 푸는 것도 좋지만 개념을 얼마나 체화 했는지가 중요한 것 같다 대학에 와서 정말 전공 수업을 듣는다고 느낀 강의.,수업 내용
학점이 짠것도 아니지만 후한것도 아닌 딱 비율 맞춰주시는 느낌이다 대면강의는 출석 확인 안해서 너무 좋았습니다,로드
정말 열정적이고 배울 점이 많아서 좋은 교수님.,교수님 강의스타일 및 강의력
"단순 계산문제(이자율, 환율 등)와 더불어서 발문을 잘 읽고 배운 내용과 연결해서 응용하는 문제가 다수 출제되었기 때문입니다.",시험 출제 스타일
근데 과제나 시험이나 증명 점수가 상당히 짜서 멘탈 깨질 각오 해야함.,학점
"선형대수를 처음 공부하시는 분이라면 왜 이런 논의가 나왔고, 무엇을 하기 위해 해당 내용이 나온 것인지에 주의하시면서 공부하시면 좋을 것 같습니다.",수업 내용
오랜만에 받은 학점에 비해 만족스러운 수업이었음.,로드
질문을 잘 받아주시지만 정말 간결하게만 대답해주신다 교수님이 영어를 그렇게 잘하는 건 아니여서 강의력 최고는 아님.,교수님 강의스타일 및 강의력
너무 바라는거 아니누 퀴즈랑 시험 다 잘봤는데 A0 퀴즈4번이라 힘겨운데 공부하다보면 시험부담은 적음,시험 출제 스타일
학점은 후하게 주시는 듯하나..,학점
"물론 해석1 정도만 들었어도 어찌어지 할수는 있는 거 같은데, 그건 아마 양 교수님이어서 그런 거일 테고 웬만하면 해석학 성숙도를 좀 키우고 들어오면 더 재미를 볼 수 있을 것 같다.",수업 내용
"아직 학점 안나왔지만 충분히 행복한 강의,,너무 좋아요",로드
교수님도 열정적이시고 주고 받는 식으로 소통하는 수업을 하셔서 몰입감 있는 수업이었던 것 같아요.,교수님 강의스타일 및 강의력
"가산점을 받아야한다 교수님 기준에 맞게 과제만 하면 에이권은 보장되는 듯 족보를 깨야 할 필요성이 느껴지는 수업 다른 이름의 강의 또한 비슷한 문제를 내는 건 좀 문제가 있지 않나 싶다 달달 외워서 점수 따는 것에 의의를 느낀다면 추천이지만 디자인적 지식을 얻고 싶다면 비추천 시험 2번 과제 3번 모두 레포트 형식으로 제출하였고, 총점 95점 이상이면 a쁠입니다.",시험 출제 스타일
그래도 학점은 잘 주셔서 나름 괜찮다.,학점
거시경제학 듣고서 좀 더 심화된 내용을 듣고 싶은데 계량포함된 4천단위 거시수업은 듣기 부담스러운 사람들이 듣기 좋은 수업임.,수업 내용
그래도 교수님께서 유쾌하게 수업해주셔서 한학기동안 정말 행복했습니다!,로드
교수님이 열정적이시고 잘 알려주시려고 합니다,교수님 강의스타일 및 강의력
외워야 할 부분이 많으나 뼈대를 잘 잡아서 큰 목차에서 작은 목차로 내려가면서 외우면 시험이 크게 어렵진 않습니다,시험 출제 스타일
중간 기말 과제 모두 등수를 런어스에 올려주셔서 몇등인지 알 수 있으며 시험문제가 꽤나 까다롭고 시간이 많이 촉박하다.,학점
"그렇지만 기시제 들은 후에, 혹은 들으면서 배운 제어 이론을 적용해보고 공부하는데는 이만한 수업이 없을 것임.",수업 내용
과제가 많지만 출석과제라 귀찮은 편이지 어려운 편은 아닙니다.,로드
수업: 내용이 딱히 흥미롭지 않고 가공되지 않은 피피티라 좀 집중이 잘 안됌 교수님: 영어를 잘 하시지는 못함.,교수님 강의스타일 및 강의력
시험 살짝 어렵지만(90점 넘으면 무조건 극상위권) 족보 풀어보면 대충 어느 정도 감이 오고 그냥 수업 열심히 듣고 ppt보면 에이권 나올거임.,시험 출제 스타일
학점도 꽤 후하게 주시는 듯 하다.,학점
"다만 통계학에 대한 기초 지식을 쌓고 가든, 계량경제학 자체를 어느정도 예습(암기라도) 하고 가면 이해의 폭이 매우 깊어질 것!!",수업 내용
"그래서 과제는 과제대로 전부 직접 공부해야 하니 힘들고, 반대로 수업은 다 아는 내용이니 지루하고.",로드
- 내용이 넘 어렵지만 교수님이 정말 열정적이십니다!,교수님 강의스타일 및 강의력
"아직 성적은 안나와서 어떻게 주실 진 모르겠지만 감상시험, ox, 단답형으로 시험이 이루어져 준비하기는 용이 했습니다.",시험 출제 스타일
학점 잘 주시는 거 같습니다 ㅎㅎㅎ,학점
강의는 녹강 올려주셔서 시험 전 한번씩 다시 봤고 시험 전에 시험에 나올 범위 정확하게 알려주셔서 시험 공부도 진짜 알뜰하게 할 수 있어서 좋았다.,수업 내용
수업자체와 교수님은 너무 좋았고 개인 과제도 부담 적었습니다,로드
교수님 수업 10분전에 오셔서 준비하실 만큼 열정적이시고 수업도 잘 하십니다.,교수님 강의스타일 및 강의력
따지고보면 강의 자체의 난이도에 비해 중간기말 난이도는 낮은데 평균이 생각보다 굉장히 낮고 내 점수도 굉장히 낮게 나오는 이유…는 다 채점 때문이다… 그래도 내 시험지만 그 기준으로 채점되는 건 아니니 … 뭐 어쩌겠나 로드가 많긴 해도 정말 많이 배워갈 수 있는 알찬 강의이다 공수3 코딩 선대 싹 다 노베여서 걱정 많이 했지만 노베라서 못 들을 정돈 아니다 그냥 남들 한 번 울 때 두 번 우는 정도 …ㅎ 낭낭하게 a+ 받아갑니다~,시험 출제 스타일
과제 체점하는 지가 의문이긴한데 과제가 시험에 많이 반영됨.,학점
"(주관적) 통계처리방법, 분석기기 원리, 생명쪽 분석방법 등 다양하게 배울 수 있어 좋고, 설명도 무척 잘하셔서 다방면으로 얻어가는 게 많았습니다",수업 내용
마음 맞는 팀원들 만나면 좋지만 아니어도 그냥저냥 들을수있는 수업 매주 팀플 과제가 있지만.. 생각보다 버겁진 않았습니다.,로드
교수님 강의부분 영어강의이다보니 좀더 안보이는 부분이 있을 수있지만 학생의 입장을 충분히 생각해주십니다.,교수님 강의스타일 및 강의력
전부 객관식이니 비대면 시험이라면 딱히 뭔가를 완전히 이해하려고 애쓰기보단 어느정도 틀만 이해해놔도 무난할거같네요.,시험 출제 스타일
"과제나 퀴즈, 출결은 다들 만점 받으실 것 같습니다만, 중간 퀴즈가 한 문제당 배점이 높아서 아예 공부를 안하거나 계산실수 하면 조금 타격이 있습니다.",학점
내용이 많이 겹치긴하고 설명 잘 해주시긴 하는데 국교론 1학기에 먼저 듣고 수강하시길 추천합니당,수업 내용
그냥 모든 게 좋은 편하고 알찬 수업이었습니다!,로드
"영어를 못해도 꾸준히 과제하면 성적은 잘 받을 수 있는데, 수업 때 group discussion도 자주 하고 영어로 학생들에게 질문도 많이 하시기 때문에 영어 회화가 많이 부족하거나 수업 때 마이크 켜서 말하는게 싫으시면 스트레스를 받으실 수도 있어요.",교수님 강의스타일 및 강의력
출튀가 수월하고 교수님 강의력이 별로다. 수업때 강조하시는 것만 듣고 혼자 공부하는것도 나쁘지 않을듯 시험 스타일 : 단답형 20 + 서술형 20 = 40점 중간 평균-7점 기말 평균 +5점 으로 B+ 받음,시험 출제 스타일
학점은 무난하게 주시는듯합니다!,학점
"어떻게 이 강의가 공부량이 많다는 걸까 차라리 필기양이 많았으면 많았지 공부양은 다른 강의에 비해서 정말 적음 좋은 교수님 좋은 강의 좋은 학점 3박자가 맞춰진 아주 훌륭한 수업 출결도 정말정말 너그러우시나 강의 안들으면 공부하는데에 애로사항이 많이 생기므로 그냥 듣도록 하자 중간은 반도체 물성, 기말은 반도체에 기반한 LED, LASER, Photodetector를 배운다.",수업 내용
학점도 개혜자였고 수업도 부드럽게 진행된 듯 궁금한거 질문하면 부지런히 답변해주고 매번 친절하기 해줘서 좀 더 편안한 분위기에서 수업 들었던 거 같습니다.,로드
강의력 또한 좋으십니다.,교수님 강의스타일 및 강의력
근데 채점 기준을 모르겠기는 했음.,시험 출제 스타일
학점도 잘 주시는 편이다. %로 많이 주시지는 않는 것 같지만 쁠제를 잘 주신다.,학점
머릿속에선 이미 설명을 마치셔서 말씀이 따라가지 못하는 느낌이랄까 실강 때 문제풀이 하시니까 잘 들어두시고 한 5일 전부터 강의안 잘 외우고 올려주신 문제들 풀고 오답 정리하면 시험 무난하게 볼 수 있습니다.,수업 내용
이번 학기 젤 무난한 수업이었어요,로드
그래도 교수님께서 열정있으신 것 같습니다,교수님 강의스타일 및 강의력
"개인적으로는 추천하는 강의 수업 방식은 나쁘지 않았으나, 시험이 진짜 헬임,, 족보없으면 A그냥 못 맞는다고 보면 됨.",시험 출제 스타일
학점이 나와봐야 알겠지만 과제는 정말 심합니다.,학점
설명도 수업 때 잘 들어놓으면 복습할 때 쉽게 따라갈 수 있다.,수업 내용
전 별로 스트레스 안 받고 편하게 들은 수업이었습니다.,로드
"수업 내용이 재미있고, 교수님이 본인의 수업과 학생을 사랑하시는 것이 보이는 수업이다.",교수님 강의스타일 및 강의력
"그래도 성적은 너그럽게 주시는 편이고(퀴즈도 매번 3~4개씩 틀리고 중간기말 다 80점대, 기말보고서도 A0였는데 A+ 주셨습니다), 말 그대로 교양을 쌓을 수 있는 강의였던 것 같습니다.",시험 출제 스타일
"그렇지만 점수대가 빽빽하니 실수나 과제 미제출 등은 조심하기 우선, 이번학기 기준으로 성적을 어마어마하게 후하게 주심.",학점
난이도도 적절해서 조성훈 동학 듣기전에 들으면 좋음. ㅊㅊ,수업 내용
"정말 좋은 수업, 타과생도 부담스럽지 않게 잘 설명해주심 중간기말 난이도도 쉬운편이라고 생각됨 교수님 성격이 유쾌하셔서 심리적 부담이 없는 수업.",로드
근데 수업을 단 1초도 쉬지 않으시고 몰아치시기 때문에 타자치는게 진짜 힘듬 배워 가는게 많다는 건 누구나 공감하는 사실 정말 강의력 하나만큼은 알아주시는 교수님 다만 학생들에게 요구하는 게 많은 편이라 노력이 수반되어야 합니다,교수님 강의스타일 및 강의력
"다른 경제학입문 강의는 안 들어봐서 모르겠는데, 일단 중간, 기말 퀴즈 비율이 낮고 과제 비율이 높은데 중간 기말은 진짜 부담이 적고 오히려 두 번째 과제가 제일 중요함 마일리지 36 쓰고 들었는데 진짜 후회 1도 안 함",시험 출제 스타일
학점도 후하시게 주시는 것 같아요!,학점
깔끔함의 정석… 수업만 잘 들어도 충분히 따라갈 수 있음,수업 내용
"아니였던 것 같지만, 너무나 온화하고 따뜻하셔서 편안한 분위기에서 한학기동안 공부할 수 있었음.",로드
교수님께서 가르쳐주시려는 열의가 많으신 것 같아요.,교수님 강의스타일 및 강의력
"시험 방식에 대해서는 다른 분들이 많이 설명해주셔서 참고하면 될 것 같고, 피피티에 적힌 내용을 다 보기에도 내용이 많으니 교수님이 설명하신 것 중 조성 관한 것 빼고 보면 될 것 같습니다.",시험 출제 스타일
체감 시험 난이도와 별개로 학점은 잘 주시는 편.,학점
재밌고 알찬 과목. 프어이 안듣고 들으면 어렵다… 그치만 자기가 프어이 듣고 괜찮았다 싶으면 꼭 들어보길 추천 발표 한 번 있고 매번 독해과제 있지만 그래도 배워가는게 참 많고 좋았다 레포트는 5장이상이었나?,수업 내용
긴장되긴 했지만 어려운 문장들은 안 시키셔서 다행이었다 교수님도 너무 좋으시고 진짜 호기심 하나로 들은 과목이었지만 에쁠 받았다ㅏ,로드
조모임이 하나 있어서 귀찮긴 한데 그래도 할만함 교수님이 영어가 가끔 귀에 안 들어가지만 그래도 영어 잘 하세요.,교수님 강의스타일 및 강의력
"(분량 상관x) 시험은 공부해야할 분량이 많지 않고, 시험문제는 지엽적이기보다 포괄적인 편이라 난이도도 낮습니다.",시험 출제 스타일
학점은 잘 주시는 듯...?,학점
처음 미분방정식/라플라스/행렬을 접한다면 어려운 강의가 되겠지만 예습 복습을 잘 한다면 충분히 커버할 수 있다.,수업 내용
1교시수업인데다가 가끔 숙제내주시는게 있지만 크게 힘들다는 생각은 안들었고 시험도어렵지않아서 충분히 좋은점수 따갈수있는 과목입니다.,로드
교수님 정말 열정 넘치시고 질문에 답변도 엄청 친절하게 해주십니다.,교수님 강의스타일 및 강의력
시험은 개념 문제가 많이 나와서 교과서 읽어보시는 게 중요할 듯싶고 난이도나 시간 면에서는 전혀 걱정하실 것 없어요.,시험 출제 스타일
및 쓰기) 시험도 생각보다 어렵다(이 부분은 싸강이어서 시간제한을 타이트하게 두고 음성파일이 깨졌어서 그럴수 있음) 학점도 잘 주시는편은 아니다.,학점
경제학과 공부 열심히 해온사람은 충분히 따라갈수 있는 내용임 한 학기동안 총 4개의 모델을 배운다.,수업 내용
개인적으로 한 학기 들은 수업 중 가장 좋았던 수업이었습니다. %,로드
빛 건영 교수님 말해뭐해 너무 최고십니다..!,교수님 강의스타일 및 강의력
교수님 강의 들으면서 필기 잘 해놓고 시험전에 두번정도 슬슬 교안 필기 읽으면 시험 잘볼수있음 난 갠적으로 시험도 이정도면 어려운 편은 아니었다고 생각함..예전에 들었던 경제 교양보다 훨씬 쉽고 잘 알려주셔서 좋았다..,시험 출제 스타일
그래도 정말 학점을 나름 잘 주신다고 생각함.,학점
밀리지 않는게 중요하다 듣고 싶었던 강의라 듣긴 했고 흥미롭기도 한데 온강 개꿀빨려는 사람은 돔황쳐 1. 일단 과제가 꽤 있고 대부분 글쓰기라 시간 투자도 좀 해야합니다.,수업 내용
전 수업은 열심히 듣진 않았지만(!) 교재로 공부해서 성적 괜찮게 나왔고(10등 안) 그래도 공부하면서 느껴지는게 수업을 들으면 편하겠다 싶더라구요.,로드
교수님 너무 착하시고 재미있는 수업하려고 노력 많이 하시는 것 같아요.,교수님 강의스타일 및 강의력
이번 학기는 시험도 많이 안어렵게 내셔서 평소에 강의 열심히 따라가고 교수님께서 풀어주시는 예제들과 교재에 있는 예제들 풀어보면 시험도 충분히 풀 수 있어요.,시험 출제 스타일
학점도 적당히 주시는듯.,학점
크게 5문제씩 나왔었는데 1번은 기본적인 개념 적용 및 응용 True/False 찾기 형식 느낌?? 같았고 23번은 계산 4-5번은 적용 응용 문제 였는데 기말이 좀 더 쉬웠던것 같음 사실 내용자체의 난이도 보다는 분량이 방대하고 강의수도 많기 때문에 기억하기가 힘들고 엄청 세부적으로 공부해야해서 꼼꼼하게 필기하면 좋은 성적 받을 것 같음 난 교수님이 해주시는 모든 말씀을 피피티 강의안에 필기하려고 노력했음,수업 내용
"수업 너무 재밌고, 성적 세부 내역도 자세하게 알려주셔서 한 학기동안 안정감 있게 들을 수 있었음.",로드
"솔직히 별로 추천하고 싶지 않은 수업 교수님음 친절하신데 솔직히 강의력이 많이 부족함 교수님 발음이 약간 뭉개져서 알아듣기 힘들었지만 학생들 요구사항도 잘 들어주시고, 무엇보다 따로 찾아가서 질문하면 친절하게 또 답변해주셔서 좋았음",교수님 강의스타일 및 강의력
"3,4학년 많아서 2학년들 불리할까봐 2학년만 따로 평가하긴 했는데 사실 문제가 어려운것도 아니고 피피티랑 수업시간에 언급한 부분에서 다 나오기에 개인적으론 3,4학년이라해서 크게 유리한건 아니라고 봅니다",시험 출제 스타일
학점도 잘 주시는 편인 것 같으니 최선을 다하시면 좋은 결과 있을 것 같습니다.,학점
"결론 : 학점 좋고 강의력 좋고 부담 적은 이 강의, 경영 복전 예정자들의 필수템 통입은 무조건 성봉통입 공부 조금만 하면 무조건 a+ 저는 19년도부터 족보 5개씩 풀고 들어갔습니다.",수업 내용
최대한 학생들에게 맞춰주셔서 편하게 수업 들었네요.,로드
교수님 열정적이고 착하십니다.,교수님 강의스타일 및 강의력
(중간 범위는 수업만 들어도 괜찮은데 기말 범위는 어려워서 조금 힘들었음) 주에 한 챕터씩 6문제 정도로 과제가 나오는데 귀찮아도 이거 풀면서 시험 공부가 되는 느낌. 시험은 부분 점수도 거의 없어서 사소한 실수로 점수가 증발하니까 A+ 노리는게 아닌 이상 한 두문제는 버리고 나머지를 정확하게 푸는 전략을 추천함.,시험 출제 스타일
성적 분포가 고르고 교수님이 학점 잘 주시는 편이라서 학점 받기는 편함,학점
그것때문에 통계물리가 개인적으로는 양자역학보다도 어렵게 느껴지긴 했는데 시험은 정말 쉽게 내셔서 수업을 완벽하게 이해하지는 못해도 강의록 보고 어느정도 문제는 쉽게 쉽게 풀수 있었습니다.,수업 내용
한 학기동안 아무것도 안배우고 학점은 따고싶다하면 들어도 좋을 것 같네요,로드
학점도 매우 잘주시고 학생들을열심히 가르치시려고 열정은 넘치시나,교수님 강의스타일 및 강의력
조별과제 없고 그냥 족보만 보면 A+ 확정 갓철 중간기말 보고 과제는 없는데 시험이 족보 복붙이라 직전 두 시간 정도만 투자하면 만점 쌉가능입니다 최소의 노력으로 가장 쉽게 A+ 받아갈 수 있는 꿀강 꼭 들으세요 대.,시험 출제 스타일
절평인데도 성적도 까다롭게 주고(중간 기말 다 평균 이상이었고 과제도 80점 아래로 내려간적 없는데 B0) 과제도 매 수업마다 있고 과제 문제 자체도 하자 있는게 좀 많습니다.,학점
수업은 말해뭐해 갓교수참교수… 통계 노베여서 후반에 따라가기 힘들었지만 어린이집 선생님처럼 친절하게 가르쳐주십니더… 통계방법론에 대한 내용을 R를 사용하면서 전반적을 배울 수 있는 강의입니다.,수업 내용
저는 이번 학기 가장 만족하며 들은 수업이었어요.,로드
"대부분 네이티브 학생들이라 영어가 불편하신 분들은 조금 소통이 어려울 수 있을 것 같지만, 교수님 말씀도 천천히 또박또박 하셔서 그나마 괜찮음.",교수님 강의스타일 및 강의력
공부해야 할 양도 많고 시험도 조금 빡빡하긴 했지만 배워 가는 부분은 많았어요,시험 출제 스타일
학점은 후하게 주시는 것 같습니다,학점
평균은 50/140 였고 평균만 넘기면 레터그레이드는 잘 주시는 편인듯함 자구는 코어 강의니 한자구로 제대로 배우는 것도 추천 방학 때 자바 빡세게 하고 다익스트라 mst 퀵소트 머지소트 kmp 이정도 공부해오면 편합니다,수업 내용
그래도 대면 수업이 1시간뿐이라 부담은 별로 없었음.,로드
교수님 강의력도 뛰어나시고 학생들과 소통하면서 수업하십니다.,교수님 강의스타일 및 강의력
다른 양현석 교수님 수업과 마찬가지로 기출만 풀고 들어가도 반 이상은 맞는 시험 문제라 시험 부담 적음.,시험 출제 스타일
그래도 학점은 상당히 잘 주십니다!,학점
그래도 나중에는 어느정도 계산과 설명 방향을 미리 준비하고 오셔서 유익한 수업도 분명히 많이 해주셨습니다.,수업 내용
"학점도 잘 받아서 무난무난한 수업 찾으면 추천 지금 미거시 듣고 있는데, 교수님의 원론 수업이 정말 큰 도움이 되었습니다!",로드
교수님이 유머러스하시고 배우는 것도 많다 너무 잘 가르쳐주셔서 다들 흥미를 느끼고 모두 열심히 한다,교수님 강의스타일 및 강의력
이런게 잘 구분되는 시험문제유형이 아니므로 파편화해서 암기하지말고 유기적으로 적절하게 이것저것 논리적으로 엮어서 무슨 interpret문제가 나와도 나름의 썰을 풀수있도록 대비.,시험 출제 스타일
성적도 사실 많이 낮았는데 학점은 나름 괜찮게 주신거 같아서...그냥 저냥한 수업이었어요.,학점
베릴로그 기초나 게이트를 이용하여 전광판 등등의 장치 만들기 같은게 좀 더 이 과목의 목표에 부합하는거 같다.,수업 내용
그래도 로드 1도 없이 이렇게 A+ 받아갈 수 있는 수업 감사합니당 수업 자체가 엄청 재밌는 건 아닌데 친절하시고 잘 가르쳐주세요,로드
"교수님이 수업시간에 참 많은 말씀을, 정돈되지 않은 순서로, 또 일관되지 않은 말투로 하셔서 처음 들으셨을 때는 이게 뭔가 싶지만, 그걸 다 받아 적어봤자 시험에는 안 나옵니다.",교수님 강의스타일 및 강의력
학점도 잘주시고 강의력도 좋으며 교수님도 착하고 재밌으시지만 미분방정식 자체가 어려우며 중간시험은 너무 쉬워 실수 한번에 훅갈 수 있고 기말 시험은 기본 난이도 자체가 높아 신경쓸 것이 많기에 이런 점수를 주었다.,시험 출제 스타일
그래도 전반적으로 후하게 학점 주시는거 같아요.,학점
"강의 내용이 체계적이고 위계가 딱딱 잡혀 있어서 공부하기 매우 수월하고, 무엇보다도 교수님께서 꼼꼼히 설명해주셔서 수업만 잘 들어도 반은 먹고 갑니다.",수업 내용
"점수 나오기 전이긴한데, 일단 지금까지 들었던 수업중 가장 만족도 높았던 수업이었습니다.",로드
문제는 이걸 영어로 하는데 강의 몰입도가 높지 않다는 것.,교수님 강의스타일 및 강의력
시험이 ppt를 통으로 외워야해서 조금 많다고 느껴질 수는 있지만 너무 지엽적인 부분(총독이름)은 틀려도 점수에 반영 안하시고 채점을 너그럽게 해주신다는 점에서 카테고리 안채운 분들께 너무너무 추천하는 수업입니다!,시험 출제 스타일
물론 과제에 1점으로 갈리는 시험 채점방식에 조금 힘들긴 하지만요... ㅎㅎ +,학점
"F일까 궁금했어서^^… 진짜 경제 배우고 싶으신 분들은 강의 열심히 들으시면 많이 배울 수 있을 거고, 그냥 학점만 잘 받고 싶으신 분들은 필기본+족보 구해서 시험보세요.",수업 내용
그냥 별거 없이 한학기 편하게 보내기 좋음.,로드
다만 학생들의 참여를 중시하기에 영어 사용이 많이 익숙치 않다면 강의 내용을 따라가는데 약간의 어려움이 있을 수도 있을 것임,교수님 강의스타일 및 강의력
시험 난이도도 크게 어렵지 않고 오픈북 시험이라서 내용을 암기하기보다는 내용을 교수님이설명해주시는대로 이해하면 시험문제 푸는데 큰 어려움은 없습니다.,시험 출제 스타일
학점은 굉장히 잘 주신 듯하다.,학점
"수업 내용도 너무 잘 이해되었고, 아직은 모르겠지만 통계가 미래에 유용하게 쓰이잖아요! ㅋㅋㅋㅋ",수업 내용
내용도 어렵지 않고 가볍게 1학점 채울 수 있는 수업입니다,로드
교수님의 영어 실력에 대해서 말이 많은데 솔직히 영어 강의를 잘하시는건 아닙니다.(영어는 잘하심),교수님 강의스타일 및 강의력
걍 냅다 외우면 되고 논술형으로 3문제 시험보는데 맥락이 있어서 그런지 외우는 것도 몇번 읽다보면 자연스럽게 외워짐 성적은 너그럽게 주시는데 학점은 딱히 너그럽진 않은듯?,시험 출제 스타일
"학점도 잘주는 편으로 아는데, 추천합니다.",학점
경제학 실증 분석의 기초 R을 처음 만져봤음에도 정신없이 수업을 따라가다보면 어느샌가 예쁜 그래프를 만들 수 있게 된다 발표 과제들은 창의성+유의미성을 중요하게 생각하시는 것 같다 학점도 넘 잘주시고 무엇보다도 이론 수업들은 들으러 갈 생각하면 짜증이 치솟았는데 이 수업은 들으러 가는 게 꽤 설렘,수업 내용
PPT에 내용이 거의 다 적혀있어서 필기 부담도 적다 솔직하게 말해서 인생수업+학점잘줌이라고 해서 들은거 치고 학점이 생각보다 널널하지도 수업이 엄청 재미있지도 않았습니다..,로드
수업은 흥미로우나 내용이 너무 많고 과제가 좀 많은 편이다 최혜정 교수님 수업 욕심 진도 욕심 많으셔서 내용 굉장히 광범위하게 커버하려다보니 가끔은 와 이런거까지 배워야하나~ 싶은 부분들이 있긴 한데 그래도 열정 있으시고 갠적으로 제일 좋아하는 교수님.,교수님 강의스타일 및 강의력
시험전날에 어디서 나올지 찝어주셔서 범위줄어들어서 딴 시험 공부하기도좋고 난이도가 쉬운데도 기말은 점수보니까 꽤 갈리더라,시험 출제 스타일
중간기말 말아먹어도 과제 4번에서 점수 따면 a권 가는 과목 과제의 비중이 만만치 않다.,학점
이론을 배우고 적용하는 방식의 수업이라 응용미시 경제학에 대해서 공부해보고 싶으신 분들은 많이 배워가실 수 있을 거 같습니다.,수업 내용
수업을 따라가기 부담되지 않아서 교양으로 듣기 좋습니다.,로드
수업 내용은 흥미를 끄는 부분이 있으나 교수님 말씀을 제대로 받아적는 것도 힘들고 받아적어도 잘 이해가 안 됨.,교수님 강의스타일 및 강의력
시험이 어렵지 않고 성적도 매우 후하게 주시니 중간을 조금 망쳤더라도 걱정하지 않아도 됩니다.,시험 출제 스타일
그리고 시험 비율이 크고 과제에 변별력이 별로 없어서 두 시험 중 하나만 망쳐도 학점 잘 안나옴.,학점
"(다이오드, BJT, MOSFET) 물리적 내용에 대해서 자세히 설명은 하지 않겠지만 diffusion current, drift current 등의 개념을 알고 있으면 좋을거같고 다이오드, BJT, MOSFET이 어떤 원리로 동작하는지 이해하면 좋을거같음(실제 시험에서도 1번은 대부분 이러한 내용들을 물어보셨음, 3차는 아직 안봐서 모름)",수업 내용
줌 수업은 들으면 좋고 안들어도 문제없는 정도였던 것 같다.,로드
교수님 착하시고 열정적이야.,교수님 강의스타일 및 강의력
계속되는 퀴즈에 시험 준비 힘들었음 타과라 그런 거 같긴 한데 시간 투자 예상하고 들어야할 듯 학점 나름 잘 주는 과였어서 그런지 학점느님인지는 잘 모르겠습니다,시험 출제 스타일
"과제: 변별력 없고 쉬운 과제뿐 시험: 과거 기출을 제공함->매년 문제 새로 만든다 어디서 나올지 예상하기 힘들고 문제가 까다로운 편 학점: 조금 후함, 약 35%가 A, 그 중 절반이 A+ *주의사항: 채점이 굉장히 느려서 중간점수 확인 후 철회가 불가능할 수도 밑에 말씀해주신 것처럼 왜 평점이 이렇게 높은지 사실 잘 모르겠습니다.",학점
다만 통계학입문을 아직 듣지 않으셨다면 통입 먼저 듣고 수강하시길 추천드려요,수업 내용
"근데 중간중간 흥미로운 얘기 나올 때 들으면 재밌음 큰 부담 없이 카테고리 채울 수 있고, 내 수업 태도와 별개로 명강+꿀강이라 생각함 수업 90퍼 출튀하고 시험 준비 안하고 즉석에서 썼는데 a-받음.",로드
이전 수강평에 영어를 못하는 교수와 영어를 못알아듣는 나의 완벽한 조화라고 있었던거 같은데 수업하고 시험문제내는 교수와 수업안듣고 채점하는 조교의 완벽한 부조화도 공존하는 수업임. (참고로 수업들어보면 교수님 영어 절대 못하시지 않음. 영어로 전달을 못하실뿐...),교수님 강의스타일 및 강의력
퀴즈가 애매모호 하다고 하는데 어느정도 공감하지만 강의만 제대로 보셨으면 무리 없이 다 맞으실 수 있다고 생각합니다.,시험 출제 스타일
다만 학점 후하게 주셨다는건 감이 오네요..,학점
"족보에 관한 건 안 봐서 모르겠지만 기말하고 중간고사 문제들이 참고문제에서 나오므로 교수님이 수업 중에 그래프로 설명해주시는 거 이해하려고 노력하고, 참고문제 몇 번 풀어보기만 하면 A 이상은 나올듯 합니다.",수업 내용
과제는 쓰잘데기 없이 많음.,로드
하지만 교수님이 이 분야를 좋아하시는 게 느껴지고 열정적으로 수업하시는 거 보면 인자하게 웃음짓게 됨..,교수님 강의스타일 및 강의력
배우는 내용이 수학적 지식이 많이 필요하지 않아서 과목에 대한 호불호가 갈릴 수 있을 것 같은데 그래도 시계열 분석이 어떤 느낌인지 알아가기에 적절한 것 같습니다.,시험 출제 스타일
에이 비율은 정확히 모르지만 학점은 매우 잘주시는거 같다.,학점
"총평: 동학 수업 수강 전이거나, 한은 고민중인 2~3학년이 듣기 좋은 중간다리 역할의 거시 각론 거시경제학 마지막에 하는 솔로우 모형, 미시적 기초 내용(2기간 최적화) 내용을 복습하고 무한 기로 확장하는 RCK모형과 몇 가지 내생성장 모형에 대해 배웁니다.",수업 내용
교양수업의 정석같은 느낌?? 학점과 별개로 이 수업을 들어서 참 좋았다.,로드
교수님이 영어를 잘 못하십니다.,교수님 강의스타일 및 강의력
물론 그렇기에 조금 공부해야 할 양이 많다는 느낌도 들지만 비대면일때 시험은 오픈북이기 때문에 부담이 크진 않습니다.,시험 출제 스타일
"(내 점수가 뭔지를 알아야 이의제기를 하지) 과제는 에쎄이는 기본이고 강의 마다 질문 만들어 오기, 타인이 적은 에쎄이 평가해오기 등등 짜잘하고 시간 많이 잡아먹는 과제가 많다.",학점
"사실 다른 여러 실증분석 강의들, 그리고 응용통계학과 복전하면서 배웠던 내용들이라 어려운건 하나도 없었으나 교수님께서 주시는 자료들과 강의들이 어디에서도 구할 수 없을정도로 퀄리티있는 자료들이라서 정말 큰 도움이 되었습니다.",수업 내용
딱히 할게 많지도 않아서 편하게 3학점 채워감,로드
"교수님 영어 잘하심 수학과 수업이 맞는지 의문이 들정도로 암기위주이고, 교수님 수업도 그냥 책읽는 수준..",교수님 강의스타일 및 강의력
알 수없는 채점기준..,시험 출제 스타일
결석 1번까진 만점인데 출튀 엄청 많아요 줄글 피피티를 다 외워서 쓰는 시험이라 공부는 해야 하는데 채점은 너그럽게 해 주세요,학점
철회할까 말까 수없이 고민했는데 그래도 이 부분 지나니 내용이 훨씬 흥미롭고 일반적/체계적/과학적이어서 결과적으로는 잘 수강한 것 같습니다.,수업 내용
그래도 과제도 없고 설명도 깔끔하셔서 무난한 수업이었던 것 같습니다!,로드
"하지만 부담없는 수업 영어 강의인데, 기본적으로 교수님의 발음이나 수업 준비, 전개력이 썩 좋지 못한 편입니다.",교수님 강의스타일 및 강의력
내용 잘 이해하고 단원당 문제가 50개 있으면 그 중에서 대표문제 5문제 이내로 여러번 풀어보면서 의미들을 곱씹어보면 연대올 정도의 응용력이면 웬만한 시험 다 커버 가능함 공대 친구들이 문제를 많이 풀어서 해결하려는 경향이 있어서 꼭 문제를 많이 풀지 않더라도 좋은 성적을 거두는데에 큰 무리가 없다는 것을 말해주고 싶었음,시험 출제 스타일
그래도 시험 점수에 비해 학점은 괜찮게 주신 듯.,학점
"우선 강의내용은 재정학의 내용을 수리적으로, 직관적으로 다루는 부분이 많습니다.",수업 내용
no further explanation needed 영어 잘하면 매우 편한 수업 학생들 배려 많이 해주시고 개인적으로 매우 만족 재미있고 부담없이 들었던 수업입니다.,로드
영강임에도 쉬운 영어를 사용해주셔서 교수님 말씀을 알아듣기는 쉽지만 과목 문제인지 내 이해력 문제인지는 모르겠지만 수업시간에 전혀 이해가 안되서 사실상 독학했어요.....,교수님 강의스타일 및 강의력
시험문제도 치사하게 안 내시고 배우는 내용도 큰 흐름만 알면 되는 거라 무난함.,시험 출제 스타일
컨셉으로 미시는듯 학점은 잘 주심. +,학점
"무언가를 얻어가려면 어차피 스스로 공부해햐 하는 것이고, 수업을 통해서는 기본 개념과 수식 유도 과정을 배우는 것이 중요하다 생각하는데 이 부분에 굉장히 충실하시기 때문에 좋았습니다.",수업 내용
기대감 없이 들었던 수업치고는 너무 좋았네요.,로드
아 교수님 진짜 너무 기여우시고여 ㅠㅠ 수업시간에 학생들 참여하게 하시려고 질문도 많이 하시고 질문에 누가 대답하면 엄청 좋아하시는데 넘 소녀같으세여...,교수님 강의스타일 및 강의력
시험도 공부하면서 생각보다 어려운 내용이 아니란 걸 알게됨.,시험 출제 스타일
학점도 넉넉하게 주시는 것 같아요.,학점
수업 꼼꼼히 듣고 족보로 시험대비만 하면 A+은 쉽게 가져가실 수 있을 것 같습니다.,수업 내용
결론적으로 족보 의존도가 좀 있지만 매우 얻을게 많은 수업 동영상 강의 최고...수업도 그냥 원할 때 편하게 듣기 좋고 이번학기는 특히 문제가 T/F 판정에 지도문제 밖에 없어서 굉장히 쉬웠다.,로드
학점 잘주시는걸로 유명하신분 수업에 열정을 가지고 개념 하나하나 자세하게 설명해주시는 교수님이다,교수님 강의스타일 및 강의력
수업에 비해 과제가 조금 어렵고 시험도 숫자 가지고 문제 푸는 것보단 원리를 설명하라는 식이어서 이런 유형과 안 맞으시는 분은 좀 그렇겠지만 열심히 하시면 커버될 거예요~~,시험 출제 스타일
성적은 보고서 + 기말시험 + 참여도인데 짜잘하게 요구하는게 많으셔서 조금 귀찮아요,학점
선대는 공부한 만큼 학점 챙겨갈 수 있고 true false문제랑 all or nothing문제가 서술형보다 오히려 헷갈렸는데 개념 이해 잘하시길..,수업 내용
최고다 한 학기 이 수업으로 힐링함 수업 때 필기만 잘하면 시험 걱정도 없다.,로드
"좋아하는 친구들이 대부분이였으나, 일단 본인은 교수님이 쓰시는 영어가 다소 이상하여(필자는 캐나다 출신-교수님이 영어가 조금 어눌하시다고 해야하나... 여튼 알아듣기가 힘듬)",교수님 강의스타일 및 강의력
강의 전달력만 나아진다면 친한 후배한테 선뜻 추천할 수 있는 그런 좋은 수업이지 않을까 싶다 자잘한 과제로 연습문제 주시는데 중간은 사실상 연습문제 그대로 나왔고 기말은 연습문제에서 응용한 수준으로 나왔다.,시험 출제 스타일
그래도 학점은 매우 잘주신듯하다.,학점
경제학 문제에 연관지어서 넣어주면 훨씬 좋아질거같음 두 시간은 영상 한 시간은 줌으로 수업하셨는데 출석체크는 줌,수업 내용
"솔직히 힘들지 않았던 건 아니지만 수업이야 세시간 워낙 금방 가는데다 교수님도 지루하지 않게 설명해주셔서 집중해서 들으면 전혀 문제 없고, 과제도 손 못 댈 정도로 어려운 건 아니었습니다.",로드
피읽남이니 강의력은 그다지 기대하지 않는 게 좋습니다.,교수님 강의스타일 및 강의력
예시같은 거를 외우는 것도 좋긴 하지만 근본적으로는 개념을 적용하는 방식으로 시험이 나와서 너무 달달 외울 필요는 없을 것 같아요!,시험 출제 스타일
입학 이후 들은 과목 중 최악의 수업 절 대 도 망 가 1. 시험 - 2주마다 시험을 보며 총 6차 시험 - 각 시험마다 점수가 맘에 들지 않으면 추가 보충 시험 응시 (보충 시험은 2번까지 응시 가능) - 시험 내용은 대부분 피피티에서 나오며 특히 SQL 부분은 사례를 주고 SQL문을 직접 작성해야 하는데 여기서 점수가 많이 갈림,학점
강의는 경제학에서 사용되는 다양한 분석 기법들을 실제 데이터를 통해 분석해보고 또 여러 테크닉들을 사용해 활용하는 강의입니다.,수업 내용
개인적으로 이번학기에 가장 만족스러운 수업이었다고 생각합니다.,로드
교수님이 영어를 그렇게 잘하시는 편이 아니기 때문에 알아듣기 어렵거든요.,교수님 강의스타일 및 강의력
라디오 방송하셔도 될듯 수업도 부담없이 가볍고 공대생으로 맨날 숫자놀음하다가 인문학적 사고를 넓힐수 잇어서 조음 과제나 시험 부담도 업어서 매우좋음 꿀강이라고 생각하면 매우 실망할 수 있으나 내가 무난하게 성적을 받을 수 있는 과목이겠거니 하고 수강한다면 이만한 과목은 없다고 생각한다.,시험 출제 스타일
"이번 학기는 과제는 하면 만점이고 기말로만 평가가 갈렸는데, 시험이 1수준치고는 조금 어려운 것 같기도 하지만 수업 잘 듣고 공부 열심히 하면 a+를 못 받을 정도는 아니라고 생각합니다!",학점
수업 내용도 영세겜 수강했으면 쉽게 따라갈 수 있을 거예요.,수업 내용
"교수님이 조금 예민하시고 학생들이랑 기싸움하는 걸 보는 게 지쳐서 별 하나 뺍니다 개꿀 수업 팀플로 갈리는 학점 교수님도 진짜 친절하시고 피드백도 빠름 학점도 잘주셨고 강의도 너무 좋았습니다 수신도 쉽고.. 부족한게 없네요. 과제로 스트레스 받는것도 없고, 시험 한번이라 기회가 딱 한 번인데 그렇다고 시험이 희한하게 나오거나 그러진 않았습니다 아직 생긴지 얼마 안 된 강의라 매 학기 혼돈이 좀 있는것같아요.. 시험방식이나 컷도 매학기 바뀌고요... 잘 참고해서 들으시길 바랍니다 +)",로드
교수님께서 굉장히 인간적이시고 수업이 재밌습니다.,교수님 강의스타일 및 강의력
"시험은 족보가 있으면 확실히 대비하기는 편한데, 마냥 족보에서만 나온 것은 아니라서 수업 PPT와 강의 필기를 함께 공부해야 좋은 성적이 나올 듯합니다.",시험 출제 스타일
"1. 과제 제때 내기(은근 까먹기 쉬움, 한 번 지각 제출함) 2. 출석(1교시라 한 번 늦잠으로 결석) 3. 약간의 시험공부(아예 안 하면 에쁠은 힘들듯, A, B, C는 절평이지만 A권 내에서 에쁠 에제 에마는 상대평가라. 이번 학기는 사정이 있어서 90점 이상이면 에쁠이였지만 원칙적으로는 그랬음)",학점
그래도 학기 초 선형대수 설명해주실때 보면 교수님의 선형대수나 통계에 대한 직관이 대단하신 분이란 생각이 들었는데 전달이 기대보다 정말정말 잘 안되어서 아쉬운 강의입니다.,수업 내용
한학기동안 너무 재밌게 들었던 수업입니다,로드
"그리고 교수님께서 business에 대한 강의를 하시기보다는 함께 수강하는 학생들끼리 소통하시는 분위기를 좋아하셔서 영어 회화 실력을 늘리고 싶으신 분들은 수강하시는 것도 좋지만, 남들과 얘기하는 게 편치 않으신 분들은 많이 불편하실 수도 있어요 !!",교수님 강의스타일 및 강의력
"시험 문제가 다른 강의평에서도 지적하듯이 좀 지엽적이긴 한데, 수업 내용 자체가 굉장히 기본적인 내용을 다루는 만큼 웬만하면 외워서 사용해야 하는 것들이라 개인적으로는 필요한 평가 방식이라고 생각합니다.",시험 출제 스타일
기말 고사는 풀고 나오면 진이 빠질 정도로 문제가 많고 타임어택이 느껴졌지만 생각보다 점수가 많이 높았던 걸 보면 채점을 매우 후하게 해 주시는 듯.,학점
"이 강의를 안듣고 나중에 독학을 하려면 상당히 방대한 내용이여서 부담스러우나, 준수한 강의실력과 함께 무난하게 이차전지 이해도도 높이고 성적도 무난하게 가져걀 수 있는 수업 실시간 강의에서는 강의에 의욕이 없어보이긴 하신다 비대면 오픈북 진행 배우는 양이 많다 은근 높은듯한 A+컷 기말 이후 리뷰 논문 제출 과제 생각보다 성적은 깐깐히 주셨지만ㅠㅠ 그래도 배터리에 대한 전반적 지식과 흥미를 얻어서 만족합니다.",수업 내용
"물론 어려운 내용을 그나마 쉽게 쉽게 풀어 설명해주시고 질문도 끝없이 받아주시는 주재형 교수님 수업이라 생각만큼 어렵진 않았고, 수업 때 성실하게 답변하시고 제출하라는 거 다 하고 웬만하면 발표를 해 성실하게 준비하신다면 학점 받는것에서 어려움은 없을 것 같습니다..!!",로드
"교수님이 박사 학위를 취득한지 얼마 안 돼서 학생들을 배려해주시는게 느껴지고, 강의력도 뛰어납니다.",교수님 강의스타일 및 강의력
낯선 개념들이라 처음엔 어려웠는데 예제 위주로 문제풀이 공부하면 시험은 무난한 것 같습니다.,시험 출제 스타일
시험 자체가 어렵기 때문에 그걸 풀 실력을 만들어내기 위해 숙제의.양이 많아진 느낌. 플젝도 기말전에 있는데 개빡친다.,학점
"거시경제원론 전반의 흐름을 살피며, 헷갈릴 수 있는 부분을 명확히 구분하는 점을 강조하시고, 매 수업마다 그동안 배웠던 내용과 연결되면서 하나의 틀을 잡아갈 수 있다는 점이 좋았다.",수업 내용
성적을 막 퍼주시지는 않지만 되게 만족하면서 들었던 수업.,로드
강의 재밌고 내용도 알차고 교수님도 열정있으시고 깔끔하게 수업하십니다,교수님 강의스타일 및 강의력
하지만 그만큼 시험평균도 낮으니 괜찮다 이번학기는 진도도 많이 나가고 과제도 매주 하나씩 연달아 4번 나왔는데(예; 간단한 데이터셋에 pca 하기) 도움이 된거같아 좋았음 ㅎㅎ,시험 출제 스타일
과제 진짜 중요하고 중간고사 점수 은근 깎입니다.,학점
"-조별과제는 열전달 시스템을 잡아서 이산화하여 수치해석적으로 모델링하는 것인데, 매틀랩 또는 파이썬이 필수적으로 요구되므로 둘 중 하나라도 미리 공부하는 것을 추천.",수업 내용
이번 학기에 제일 만족한 수업.,로드
하지만 교수님은 매우 신나보이신다.,교수님 강의스타일 및 강의력
중간 기말 시험 두 번 치는데 수업만 열심히 따라온다면 난이도는 별로 어렵지 않은 수준으로 느껴지네요.,시험 출제 스타일
"결국 학점은 시험인데 다 너무 잘하고, 시험은 다같이 잘보거나 못보거나이고 소숫점으로 A+과 B+이 갈려서 성적뜨는날까지 굉장히 쫄깃한 경험을 하게 됩니다....",학점
"당장 수업 들으실 때는 ""이게 대주제와 무슨 관련일까""싶더라도, 시험을 앞두고 시험범위를 정리하시다보면 모든 이론들이 대주제를 이해하는데에 좋은 도구임을 이해할 수 있습니다.",수업 내용
출결 매우 중요하니 신경 쓸 것 에이제로 받은 나는 바보야~~ 수업은 글케 어렵지 않아서 편히 들을 수 잇음 싸강으로 발표꿀빰..,로드
또한 강의력 부분에서의 단점인데 교수님 특유의 문제 풀이 스킬을 가르쳐주시고 개념도 교수님의 방식대로 설명해주시는데 이게 이해는 잘 되는데 음..내가 이 개념을 서술할 때 어떤 식으로 표현해야 할지 모르겠는 느낌? 공식적이고 교과서 적인 표현이 아니라 교수님 만의 표현이 많으셔서 그런게 좀 있음.,교수님 강의스타일 및 강의력
"절대평가이지만 상대평가처럼 학점이 주어진다는 점, 족보랑 시험문제가 동일한 부분이 거의 대부분(답까지 일치하며, 이번 학기엔 소문제 5개로 이루어진 1문항이 추가된 점 이외에는 중간기말 모두 족보와 일치하였다고 알고 있음)이기에 감점이 꽤 치명적일 수 있다는 점을 인지하고 수업을 듣는다면, 강의 수강 후 실망할 일은 없을 것 같습니다.",시험 출제 스타일
1. 전문항 다지선다 객관식 시험 세번 (전부 답일수도 답 없을수도) 2. 연산에만(작성아님) 1시간 걸리는 코딩과제 5개 3. 발표라 쓰고 공개처형시간이라 읽는 시간에 조목조목 지적 이렇고 성적평가는 매우 깐깐합니다.,학점
"큐티규호 포에버~ 객관적으로, 열심히 들으면 한만큼 나오고 수업도 꽤 깔끔하고 시험도 적당히 공부한 만큼 나오는 기본적인 강의여요!",수업 내용
양심 없지만 수업 딱 2번 가보고 에쁠 맞음 강의안도 있어서 공부하기 편함,로드
일단 영어교육 교수님치고 강의력 너무 별로...예습이나 혼자 책 안 읽으면 대체 뭔 얘기 하는지 모르겠음.,교수님 강의스타일 및 강의력
"시험 같은 경우엔 중간, 기말 모두 큰 흐름 위주로 공부하면 많이 대비가 되기에 변별력은 떨어지는 듯 시험방식이 너무 별로였음",시험 출제 스타일
3. 학점을 잘 준다.,학점
초반부는 통계학입문 복습 느낌이라 통입 잘 해두셨으면 편하실거같아요.,수업 내용
"자잘한 과제가 너무 많아서 귀찮기는 한데, 영화 과제 같은 건 굳이 다 안 보고 써도 되고, 과제들이 모두 어렵지는 않음.",로드
인품 강의력 모두 훌룡합니다.,교수님 강의스타일 및 강의력
족보 없으면 좋은 학점 못 받아 꿀강임 과제 하나도 없고 시험만 침 시험기간 공부 양이 은근 많은데 대충 훑어보고 족보보면서 공부하면 금방 ㄱㄴ 난 한 2일동안 공부함 에쁠 컷 널널해서 완전 추천함 최고!!,시험 출제 스타일
학점도 교수님께서 최대한 잘 주신다고 수업때도 말씀하셨고 이미 수강한 학생들도 좋은 학점을 받았다고 하니 후하게 주시는 듯 하다.,학점
"계수찾기, 급수에서 값 찾는 것, Liouville 응용, ML inequality에서 체크해야하는 것 등등 시험에 직접적인 도움이 되는 것들을 많이 알려주셔서 좋았음.",수업 내용
조별과제는 꾀나 귀찮음,로드
한 학기 내내 열정적이셨던 교수님.,교수님 강의스타일 및 강의력
외워야 될 내용이 많긴 한데 시험이 객관식이라 빡세지는 않음.,시험 출제 스타일
"셤 어렵고 과제 자잘하게 많고, 오티 분명 들어갔는데 체크 안 되어 있어서 생으로 5점 까일뻔함,, 이걸 왜 학생들이 감수해야 되냐?",학점
"교수님이 문제가 아님 그냥 내용이 개어려움 미적12 선대1 확률론 해석학1,2 실해석(조금) 정도가 선수과목이고 난 다 공부하고 듣는건데도 진짜 너무 어려움 다행인건 모든 연습문제에 솔루선이 책 안에 있다는거 다만 책이 절판되서 직접 제본해야하고 솔루션을 봐도 이해가 잘 안될 때가 많음",수업 내용
시간표 짜기 애매하고 1학점 모자르면 들어보시는 게 좋을 듯 교수님 너무 좋으시고 수업도 항상 알차게 준비해 오셔서 재밌게 들었습니다!!,로드
교수님의 나긋한 목소리에 익숙해질 즈음에 강의를 더 들을 수 없다는 게 아쉽다.,교수님 강의스타일 및 강의력
공부할내용은 많지만 천천히따라가면 좋은성적 주십니다. 주시는 족보에서 시험문제를 출제하기 때문에 이론 대충보고 족보 풀고 그 문제 풀이만 달달 외워도 시험 잘볼 수 있어요.,시험 출제 스타일
"듣지마라 그냥 배울거 많은거고 뭐고 과제는 과제대로 많다 시험은 기말 올인인데 에마도 없고 에제컷인 90점 못 넘으면 바로 B+뜸 성실하고 암기에 자신있는 학우에게 추천 레포트 몇 개 작성하는 게 있지만 형식, 표절률 지키고 성실하게만 작성하면 만점받기는 쉽다.",학점
"어차피 솔루션 주시기도 하고, GPT 돌려보라는 건 ""해봤는데 뭐가 잘 안됐다! 이런 오류가 있는 듯하다"" 정도만 제시해도 그만이고 솔루션 기반으로 해서 수치만 조금 바꿔가며 제시해도 2학년 과목 수준에선 나름 괜찮은 분석이기도 하고요.",수업 내용
덕분에 한학기동안 잘 배운거 같음.,로드
교수님이 열정적인 건 인정하는데..,교수님 강의스타일 및 강의력
아마 시험이 주로 T/F 방식이라 호불호가 갈려서 그런 거 같은데 강의력 자체는 훌륭하시다고 봅니다.,시험 출제 스타일
대신 학점은 후하게 주시는 것 같아요!,학점
경제수학 안듣고 경개만 들은 타과생인 제가 중간기말 합쳐 일주일 공부하고 에이쁠 맞은 거 보면… ㅎㅎㅎ 증명 쫄지마시구 베이스없어도 필기만 잘해놓으면 원리 다 이해돼용,수업 내용
밑에 강의평처럼 해야할 것들이 꽤 많지만 최대한 수업 시간 안에 해결할 수 있도록 시간을 넉넉히 주셔서 크게 부담이 되지는 않았어요!,로드
교수님 착하신 분이고 학점도 잘 주시는데 비대면이다보니 교수님 말씀에 대답하는 사람들이 거의 없어서 혼자 수업하시는 느낌이 드실 것 같아 안타까웠다.,교수님 강의스타일 및 강의력
다만 시험은 굉장히 지엽적이고 점수도 상대적 절대평가?로 비율 맞추셔서 꿀강은 아니고 준명강정도라고 하겠습니다!,시험 출제 스타일
"과제에서 점수 깎이면 생각보다 스트레스니까 솔루션 구하는 걸 권장함 할 게 많고, 중간 이후는 거의 독학하듯이 공부해야함.",학점
"고등학교 미적분 진도를 충실히 학습했다면 수업 중간부까지는 무리없게 따라갈 수 있겠지만, 후반부로 가서 다소 생소한 개념들이 마구 쏟아질텐데 이 부분들은 예습해가시는 것이 좋을 것 같습니다.",수업 내용
그냥 적당한 수업이라고 생각합니다.,로드
교수님께서는 항상 좋은 영향을 주려고 열정적으로 노력하시고 수업내용도 언제나 그렇듯 좋습니다.,교수님 강의스타일 및 강의력
"하나 하나 신중하게 보기를 권장(비율은 물론 바뀔 수 있지만 중요한건 여전할듯) 시험은 오픈북이여서 진짜 너무 쉬웠고, 어떻게 학점 가르나 궁금했는데 중간고사 all서술형에서 제대로 갈려버림.",시험 출제 스타일
학점 잘 주신다고 들었던 것 같습니다.,학점
비전공자 입장에서 무난하게 들을만 했지만 다른 경제학과 학우분들이 베이스가 좋으시기도 하고 성적 맞춰서 주시는 편이라서 열심히 공부해두시면 좋겠네요,수업 내용
그치만 과제 없이 시험 두번으로 수업이 끝난 게 너무 좋았습니다.,로드
교수님께서 진짜 열정을 가지시고 수업을 진행하시고 실습 세션도 도움이 많이 되었던 것 같습니다.,교수님 강의스타일 및 강의력
"시험은 1학기때도 느꼈지만 형식상 보는 느낌이 강하고, 시험방식이 일역2를 이해하지 못하고 몰라도 성적 잘 받을 수 있는 방식이라 무의미하게 느껴지긴 합니다.",시험 출제 스타일
열심히 해도 안해도 걍 학점랜덤인듯 주마다 주간보고서 누군가 한명써야하고 팀플도 할 거 많고 시험은 시험대로 ㅇㅅㅇ 개 할거 많음,학점
다만 상평형과 연관된 개념들이 많이 나와서 상평형을 미리 수강한 후에 이 과목을 듣는게 더 수월할 것 같네요.,수업 내용
그래도 수업 내용이 어렵지 않고 학점도 괜찮게 주시는 것 같다.,로드
문제는 교수님 영어가 유창하지 않고 칠판필기가 깔끔하지 않다는 것.,교수님 강의스타일 및 강의력
강의력도 좋으시고 학점도 핵잘주심bb 45명중에 1차 8등정도하고 2 3차 둘다 10등정도였는데 에이쁠 걍주심 ㅎㅎ 공부하는 동안엔 온갖 욕을 다했지만 에이쁠보고 다풀림 ㅎ 퀴즈 7번인가 본다고 하셨지만 사실 4번인가 5번인가 봄 채점 기준이 많이 깐깐하긴함,시험 출제 스타일
그리고 학점도 학점 진짜 잘 주시는 교수님들보다는 안 주는 그냥 평범한 수준(?)정도인듯 엇학기라 어쩔 수 없이 들었는데 1학기에 들었다면 다른 교수님 수업을 들었을 거 같음,학점
"과제는 프셋 4개 풀어서 제출하면 되는데, 교재에 연습문제+ 그레텔로 데이터 분석하는 문제 하나 정도로 구성되어 있는데 그레텔 돌리는 방법은 조교님께서 엄청 자세하게 설명해주셔서 어려운 건 하나도 없습니다.",수업 내용
"비대면 수업으로 들어서 시험도 없고 중간대체 과제 하나랑 짧은 과제하나, 설문 참여로 점수 주셔서 행복한 학기 보냈습니다...",로드
과제랑 시험 대체 리포트 약간 빡세긴 하지만 들을 가치가 있는 수업 교수님 젊으신 만큼 시대에 뒤쳐지지 않는 수업임,교수님 강의스타일 및 강의력
교수님의 강의력이 좋지 않아 독학이 필수지만 과제하다 보면 셤 공부에 확실히 도움된다 시험도 과제 위주로 나오니 솔루션 끼고 과제 열심히 풀면 디논 공부는 따로 할 필요 없다 학점도 무난하게 주시는 편인듯 설명을 너무 못함.,시험 출제 스타일
학점도 나름 후하게 주셨다고 생각한다.,학점
"지엽적인 개념보단 큰 흐름과 챕터 별로 굵직한 기술의 개념을 이해하시면 도움됩니다. (필터 연산, Harris Detector, SIFT 등)",수업 내용
중간고사 공지만 빼면 수업은 너무 유익하고 좋았다!,로드
교수님께서 굉장히 유쾌하셔서 수업을 즐겁게 들을 수 있습니다.,교수님 강의스타일 및 강의력
성적도 잘 주심 힘들고 할게 많았다는 점에선 다른 생디 수업과 비슷하지만 정말 좋은 기억으로 남았다는 점에서는 특별한 수업!,시험 출제 스타일
제가 수업 들을 땐 학점은 엄청 잘 주시는 편은 아니었고 구간 별로 딱딱 나눠주시는 듯 했습니다,학점
"강의 내용도 생각보다 진짜 알찼음 들은 경제학과 수업중 가장 도움된둣 금융시장, 중앙은행의 역할, 경기변동 등을 설명해 주시는데 꽤 재미있어서 집중하기 어렵지 않았습니다.",수업 내용
이번 학기 너무 재밌게 들었던 수업!!,로드
강의력 무척 좋으십니다.,교수님 강의스타일 및 강의력
"다만 시험이 타임어택이 심한편이고 대부분 사례분석, 특정 개념으로 설명할 수 있는 본인 사례와 같이 다 서술형, 적용 문제이니 미리 족보를 구해서 본인만의 예상 답안을 써보는 것이 큰 도움이 될 것이라고 생각됩니다.",시험 출제 스타일
학점은 비율 잘 맞춰서 주십니다.,학점
하지만 수업을 제대로 듣고 복습 한 번만 해오면 풀 수 있을 수준으로 나옵니다.,수업 내용
그래도 이번학기 들은 수업 중에는 무난무난했음.,로드
"전현우 조교님을 언급 안할 수가 없는데, 수업에 대한 열정이 많은 분임.",교수님 강의스타일 및 강의력
시험은 솔직히 쉽지는 않은데 그래도 충분히 할 만하고 과제도 많지 않아서 심리 수업 들어보고 싶으면 완전 추천!!,시험 출제 스타일
기말은 생각보다 실수했는데 학점 이정도면 후하게 주시는 듯.,학점
다음 학기에 열리는 최적화 개론도 들어보고 싶네요.,수업 내용
솔직히 교양에 이렇게 과제 많은거 극혐하는데 과제가 어렵지는 않아서 그냥 꾸역꾸역함.,로드
영어나 강의전달력 모두 부족한데 본인이 알고 있는 영어 안에서만 표현하려하니 더욱 전달력이 낮아짐.,교수님 강의스타일 및 강의력
기말고사 손도 못대는 문제 내시니 중간 잘보는게 중요 강의 자체는 평범하다고 생각하는데 과제나 시험이 그 이상을 요구한다는 느낌을 받습니다.,시험 출제 스타일
과제랑 시험 모두 중요합니다.,학점
본인은 1학기에 기회이를 듣고 2학기에 전회1이랑 이 과목을 같이 들었는데 트랜지스터랑 small signal model을 어느정도 알고 있어서 공부하기 수월했음.,수업 내용
큰 부담없이 미원 정리 잘하고 학점도 잘 나와서 만족스러운 수업.,로드
교수님 넘 좋으시고 수업 자체에서 배우는 것도 많음!!,교수님 강의스타일 및 강의력
시험은 단답형과 서술형이 섞여있어서 시간이 부족하긴 한데 족보 보고 미리 좀 생각해두거나 개요 잡아두면 충분히 퀄리티 좋게 써서 낼 수 있습니다.,시험 출제 스타일
학점도 잘 줌. ㄹㅇ,학점
"수업과 관련하여 마지막으로 정말 좋았다고 느낀점은 맥락이나 배경들을 다른 교수님들과 다르게 잘 설명해주신다는 점임 다른 교수님들은 그냥 주구장창 진도나가기 바쁘신데 유기준 교수님은 맥락들을 많이 알려주심 예를들어서 BJT나 MOSFET Biasing할 때 VCC를 하나만 가지고 하는데 왜 이렇게 하는지를 말씀해주심(트랜지스터 하나당 VCC가 여러개면 너무 많아져서 문제) 또한 Biasing과 관련하여 각각의 문제점들이 존재하는데(base resistor, Emitter degeneration 등) 그것에 대해서도 자세히 알려주심 정말 감명받았던 것은 수업끝나고 질문을 드렸었는데 질문에 대한 대답이 부족하다 생각하셨는지 본인을 찾아서 따로 연락안드렸는데 메일로 자세한 설명을 해주셨던 점...",수업 내용
기말 대체 과제도 전혀 부담스럽지 않아서 너무 좋아용,로드
그리고 교수님이 영미권에서 연구하셔서 대부분의 내용이 영판이라 어려움이 있을 수 있지만 이해가 안가는 부분을 질문하면 진짜 1대1 과외하듯 성심성의껏 해주십니다,교수님 강의스타일 및 강의력
워낙 채점이 후해서 그런지 중간고사 평균보다 조금 높았고 기말도 그럭저럭 잘 봤더니 에제 나옴 전 저학년 때 안 듣고 고학년이 되어 듣긴 했지만 저학년 때 들으면 앞으로 국정 관련 전공 들을 때 많은 도움이 될 것 같습니다.,시험 출제 스타일
시험은 중간 때 어렵고 기말 때 쉬운 느낌 위에 분은 학점 아직 나오지도 않았는데 ㅋㅋ 걱정하고 계시는데 그리고 과제양도 컴과에서 과제 이 정도면 별로 없는거에요,학점
처음엔 깜짝퀴즈가 약간 부담이라고 느껴졌는데 난의도도 생각보다 훨씬 부담없고 이걸 위해 중간중간 강의자료 훑어보는 게 저같은 미루기 대마왕들에게는 많은 도움이 됩니다.,수업 내용
"아직 학점은 나오지 않았지만, 수업도 좋고 교수님도 좋아 너무 만족합니다.",로드
문제는 따라가지 못하는 나일뿐 교수님 발음이 직관적이라 영어 못해도 알아듣기 편하고 로드도 적어 편한 수업입니다~,교수님 강의스타일 및 강의력
결시자를 포함해서 낸 거였고 전체적인 시험 문제 자체가 공부한 사람에겐 한없이 편하고 안 한 사람에게는 가혹하겠지만 그건 오히려 시험을 굉장히 잘 내신거 아닌가요?,시험 출제 스타일
진도 너무 빠르고 과제 많고 시험 어렵고 성적 칼같이 주십니다..,학점
내가 머리가 좋다 라는 쪽이면 듣는것도 나쁘지않을듯 하지만 나는 멍청해서 이해하기 힘들었고 교수가 요구하는게 많아서 제일 귀찮았던 수업 고통받지말고 유기준으로 가시길 교수님이 본인만의 방식으로 설명하심.,수업 내용
재정학 관심 없었는데 거학 이경우 교수님꺼 듣고 나서 그냥 교수님 수업 듣고 싶어서 들었는데 역시 너무 만족합니다.,로드
한 학기 고생하기 싫으면 제껴라 교수님도 열성적이고 수업 내용자체도 매우 좋음.,교수님 강의스타일 및 강의력
"5. 성적 컷은 A구간이 94점 이상, 92점 이상, 90점 이상으로 나누어지기에 이런 부분이 신경쓰인다면 다른 강의 듣는 것을 추천 6. 공대생에 암기를 썩 좋아하지 않는 편이지만 그래도 에쁠 낭낭하게 챙김 꽤 괜찮은 교양인 듯 난 내가 왜 에이쁠인지 모르겠음",시험 출제 스타일
"과제 점수는 정말 후하게 주시지만,,, 기말고사가 모두 고르시오 라서 공부를 많이 해야합니다",학점
"강의 내용이 도움이 됐던 건 초반 내용 보다는 후반에 지금까지 내용을 아우르는 ‘생명이란 무엇인가?’에 대한 내용이었는데 생각을 다각도로 많이 해볼 수 있게 함. 후반부 영상 강의로 교수님들 토론하신 거나 교외에서 강의? 비슷한 거 하신 거 올려주셨는데 확실히 학교에서 듣는 교양보다 훨씬 어렵고 중간중간 멈춰서 생각하고 이해해야됐지만 많은 걸 알아가고 생각할 수 있었음. 본인이 성실하고 내 의견 쓰는 걸 부담스러워하지 않는다면 성적 잘 나올듯. 추천 생명, 철학 다 관심 있어서 들어봤는데 개인적으로 그렇게 흥미롭지는 않았습니다. 근데 로드는 없습니다. 과제 없고 중간기말 두 번이 끝입니다. 중간 기말은 교재에서 발췌한 문장에 빈칸을 뚫어두고 들어갈 말을 주관식으로 서술하는 문제 20개 정도+논술형 몇 문제입니다. 그리고 클라섬에 온라인으로 글 쓰거나 댓글 남기는 방식으로 참여 점수가 있습니다. 수업 내용이 교재랑 매우 유사하니 책 ’",수업 내용
이번 학기 가장 즐겁게 들은 수업입니다!,로드
교수님 수업 스타일이 대학보다는 고등학교 수업 느낌이 더 많이 나지만 그만큼 열정적으로 수업하셔요,교수님 강의스타일 및 강의력
시험은 중간 기말 모두 1시간 동안 2문제를 풀었고 크게 시간이 부족하단 느낌은 아니지만 수업내용에서 세팅을 약간 꼬아 내시기 때문에 당황하지 않는 센스가 필요합니다.,시험 출제 스타일
성적에 비해 학점 자체는 크게 나쁘지 않게 주시는 편으로 보인다.,학점
총평: 전선3학점에 이정도면 개꿀..다른것도 좋지만 꿀빨고 싶으면 이거 듣는거 추천 약간 필요 이상(?)으로 설명을 하시는 경우가 많아서 수업이 지체가 되는 점이 아쉽습니다...,수업 내용
조별과제는 살짝 귀찮을 정도로 많구요...,로드
교수님도 유쾌하시고 수업 분위기도 좋아요,교수님 강의스타일 및 강의력
시험은 다른 교수님들에 비해서는 쉽게 내시는 편이어서 성실하게 공부하는 사람에게 유리한듯 아 그리고 챙에서 그림있는 문제는 꼭 풀어보고 가는게 좋다,시험 출제 스타일
하지만 성적에 비해 학점은 잘 주셔서 괜찮았습니다,학점
계산기 좋은거 쓰면 시험도 어렵지않아여 꿀팁만 있으면 로드 1/10임 여러 선배들한테 물어서 잔머리를 써라~ 그럼 진짜 아무것도 안해도 된다 퀴즈랑 중간고사는 쉴틈없이 계산기 많이 두드려야 함.,수업 내용
한 학기 좋은 수업 너무 감사했습니다.,로드
수업 때 본인이 쉽게 설명해주려 노력하는데 뭔가 영어가 어색해서 가끔 뭐라는지 모를때가 많았음.,교수님 강의스타일 및 강의력
수업이 지루한게 단점 그 이외의 모든것이 장점 훌륭한 인품 평이한 공부량 널널한 출결기준 등 그냥 최고의 수업 사소한 질문이라고 해도 친절하고 자세하게 대답해 주시고 시험 관련해서 어떤 것이 나오고 안 나오는지에 대해 분명히 설명해주셔서 시험 준비할 때 부담 하나도 없었으며 시험 난이도도 굉장히 쉬워서 쉽게 만점 가능 꼭 신청 성공하고 에이쁠 낭낭하게 챙겨가시길 바람 한문 노베한테는 좀 힘들긴 했지만 한 이틀 정도만 공부하면 무난하게 시험 볼 수 있습니다.,시험 출제 스타일
A0 받아서 학점 잘 주시던 하셨습니다~,학점
